period,sp_price,dividend,earnings,cpi,long_rate
1871-01-01,4.44,0.26,0.4,12.46,5.32
1871-02-01,4.5,0.26,0.4,12.84,5.32
1871-03-01,4.61,0.26,0.4,13.03,5.33
1871-04-01,4.74,0.26,0.4,12.56,5.33
1871-05-01,4.86,0.26,0.4,12.27,5.33
1871-06-01,4.82,0.26,0.4,12.08,5.34
1871-07-01,4.73,0.26,0.4,12.08,5.34
1871-08-01,4.79,0.26,0.4,11.89,5.34
1871-09-01,4.84,0.26,0.4,12.18,5.35
1871-10-01,4.59,0.26,0.4,12.37,5.35
1871-11-01,4.64,0.26,0.4,12.37,5.35
1871-12-01,4.74,0.26,0.4,12.65,5.36
1872-01-01,4.86,0.2633,0.4025,12.65,5.36
1872-02-01,4.88,0.2667,0.405,12.65,5.38
1872-03-01,5.04,0.27,0.4075,12.84,5.4
1872-04-01,5.18,0.2733,0.41,13.13,5.42
1872-05-01,5.18,0.2767,0.4125,13.13,5.43
1872-06-01,5.13,0.28,0.415,13.03,5.45
1872-07-01,5.1,0.2833,0.4175,12.84,5.47
1872-08-01,5.04,0.2867,0.42,12.94,5.49
1872-09-01,4.95,0.29,0.4225,13.03,5.51
1872-10-01,4.97,0.2933,0.425,12.75,5.52
1872-11-01,4.95,0.2967,0.4275,13.13,5.54
1872-12-01,5.07,0.3,0.43,12.94,5.56
1873-01-01,5.11,0.3025,0.4325,12.94,5.58
1873-02-01,5.15,0.305,0.435,13.23,5.57
1873-03-01,5.11,0.3075,0.4375,13.23,5.56
1873-04-01,5.04,0.31,0.44,13.23,5.55
1873-05-01,5.05,0.3125,0.4425,12.94,5.54
1873-06-01,4.98,0.315,0.445,12.56,5.53
1873-07-01,4.97,0.3175,0.4475,12.56,5.53
1873-08-01,4.97,0.32,0.45,12.56,5.52
1873-09-01,4.59,0.3225,0.4525,12.56,5.51
1873-10-01,4.19,0.325,0.455,12.27,5.5
1873-11-01,4.04,0.3275,0.4575,11.89,5.49
1873-12-01,4.42,0.33,0.46,12.18,5.48
1874-01-01,4.66,0.33,0.46,12.37,5.47
1874-02-01,4.8,0.33,0.46,12.37,5.44
1874-03-01,4.73,0.33,0.46,12.37,5.4
1874-04-01,4.6,0.33,0.46,12.18,5.37
1874-05-01,4.48,0.33,0.46,12.08,5.34
1874-06-01,4.46,0.33,0.46,11.8,5.3
1874-07-01,4.46,0.33,0.46,11.89,5.27
1874-08-01,4.47,0.33,0.46,11.8,5.24
1874-09-01,4.54,0.33,0.46,11.8,5.2
1874-10-01,4.53,0.33,0.46,11.61,5.17
1874-11-01,4.57,0.33,0.46,11.51,5.14
1874-12-01,4.54,0.33,0.46,11.51,5.1
1875-01-01,4.54,0.3275,0.4517,11.51,5.07
1875-02-01,4.53,0.325,0.4433,11.51,5.03
1875-03-01,4.59,0.3225,0.435,11.51,4.99
1875-04-01,4.65,0.32,0.4267,11.61,4.95
1875-05-01,4.47,0.3175,0.4183,11.32,4.91
1875-06-01,4.38,0.315,0.41,11.13,4.87
1875-07-01,4.39,0.3125,0.4017,11.13,4.83
1875-08-01,4.41,0.31,0.3933,11.23,4.79
1875-09-01,4.37,0.3075,0.385,11.13,4.75
1875-10-01,4.3,0.305,0.3767,11.13,4.71
1875-11-01,4.37,0.3025,0.3683,11.04,4.67
1875-12-01,4.37,0.3,0.36,10.94,4.63
1876-01-01,4.46,0.3,0.3533,10.85,4.59
1876-02-01,4.52,0.3,0.3467,10.85,4.58
1876-03-01,4.51,0.3,0.34,10.85,4.57
1876-04-01,4.34,0.3,0.3333,10.75,4.56
1876-05-01,4.18,0.3,0.3267,10.37,4.54
1876-06-01,4.15,0.3,0.32,10.09,4.53
1876-07-01,4.1,0.3,0.3133,10.09,4.52
1876-08-01,3.93,0.3,0.3067,10.18,4.51
1876-09-01,3.69,0.3,0.3,10.28,4.5
1876-10-01,3.67,0.3,0.2933,10.47,4.49
1876-11-01,3.6,0.3,0.2867,10.56,4.47
1876-12-01,3.58,0.3,0.28,10.75,4.46
1877-01-01,3.55,0.2908,0.2817,10.94,4.45
1877-02-01,3.34,0.2817,0.2833,10.66,4.44
1877-03-01,3.17,0.2725,0.285,10.18,4.43
1877-04-01,2.94,0.2633,0.2867,10.47,4.42
1877-05-01,2.94,0.2542,0.2883,10.66,4.41
1877-06-01,2.73,0.245,0.29,10.09,4.4
1877-07-01,2.85,0.2358,0.2917,10.18,4.39
1877-08-01,3.05,0.2267,0.2933,9.8,4.39
1877-09-01,3.24,0.2175,0.295,9.7,4.38
1877-10-01,3.31,0.2083,0.2967,9.7,4.37
1877-11-01,3.26,0.1992,0.2983,9.51,4.36
1877-12-01,3.25,0.19,0.3,9.51,4.35
1878-01-01,3.25,0.1892,0.3008,9.23,4.34
1878-02-01,3.18,0.1883,0.3017,9.13,4.33
1878-03-01,3.24,0.1875,0.3025,8.94,4.32
1878-04-01,3.33,0.1867,0.3033,8.85,4.31
1878-05-01,3.34,0.1858,0.3042,8.56,4.3
1878-06-01,3.41,0.185,0.305,8.37,4.29
1878-07-01,3.48,0.1842,0.3058,8.47,4.28
1878-08-01,3.45,0.1833,0.3067,8.56,4.27
1878-09-01,3.52,0.1825,0.3075,8.56,4.26
1878-10-01,3.48,0.1817,0.3083,8.47,4.25
1878-11-01,3.47,0.1808,0.3092,8.37,4.24
1878-12-01,3.45,0.18,0.31,8.18,4.23
1879-01-01,3.58,0.1817,0.3158,8.28,4.22
1879-02-01,3.71,0.1833,0.3217,8.37,4.2
1879-03-01,3.65,0.185,0.3275,8.28,4.19
1879-04-01,3.77,0.1867,0.3333,8.18,4.17
1879-05-01,3.94,0.1883,0.3392,8.18,4.15
1879-06-01,3.96,0.19,0.345,8.09,4.14
1879-07-01,4.04,0.1917,0.3508,8.18,4.12
1879-08-01,4.07,0.1933,0.3567,8.18,4.1
1879-09-01,4.22,0.195,0.3625,8.47,4.09
1879-10-01,4.68,0.1967,0.3683,8.94,4.07
1879-11-01,4.93,0.1983,0.3742,9.42,4.05
1879-12-01,4.92,0.2,0.38,9.7,4.04
1880-01-01,5.11,0.205,0.3892,9.99,4.02
1880-02-01,5.2,0.21,0.3983,9.99,3.99
1880-03-01,5.3,0.215,0.4075,10.09,3.97
1880-04-01,5.18,0.22,0.4167,9.7,3.94
1880-05-01,4.77,0.225,0.4258,9.42,3.91
1880-06-01,4.79,0.23,0.435,9.23,3.89
1880-07-01,5.01,0.235,0.4442,9.23,3.86
1880-08-01,5.19,0.24,0.4533,9.23,3.83
1880-09-01,5.18,0.245,0.4625,9.32,3.81
1880-10-01,5.33,0.25,0.4717,9.32,3.78
1880-11-01,5.61,0.255,0.4808,9.42,3.75
1880-12-01,5.84,0.26,0.49,9.51,3.73
1881-01-01,6.19,0.265,0.4858,9.42,3.7
1881-02-01,6.17,0.27,0.4817,9.51,3.69
1881-03-01,6.24,0.275,0.4775,9.51,3.69
1881-04-01,6.22,0.28,0.4733,9.61,3.68
1881-05-01,6.5,0.285,0.4692,9.51,3.67
1881-06-01,6.58,0.29,0.465,9.51,3.67
1881-07-01,6.35,0.295,0.4608,9.61,3.66
1881-08-01,6.2,0.3,0.4567,9.8,3.65
1881-09-01,6.25,0.305,0.4525,10.18,3.65
1881-10-01,6.15,0.31,0.4483,10.28,3.64
1881-11-01,6.19,0.315,0.4442,10.18,3.63
1881-12-01,6.01,0.32,0.44,10.18,3.63
1882-01-01,5.92,0.32,0.4392,10.18,3.62
1882-02-01,5.79,0.32,0.4383,10.28,3.62
1882-03-01,5.78,0.32,0.4375,10.28,3.62
1882-04-01,5.78,0.32,0.4367,10.37,3.62
1882-05-01,5.71,0.32,0.4358,10.47,3.62
1882-06-01,5.68,0.32,0.435,10.56,3.62
1882-07-01,6.,0.32,0.4342,10.47,3.62
1882-08-01,6.18,0.32,0.4333,10.56,3.63
1882-09-01,6.24,0.32,0.4325,10.28,3.63
1882-10-01,6.07,0.32,0.4317,10.18,3.63
1882-11-01,5.81,0.32,0.4308,10.09,3.63
1882-12-01,5.84,0.32,0.43,9.99,3.63
1883-01-01,5.81,0.3208,0.4275,9.99,3.63
1883-02-01,5.68,0.3217,0.425,10.09,3.63
1883-03-01,5.75,0.3225,0.4225,9.99,3.63
1883-04-01,5.87,0.3233,0.42,9.9,3.63
1883-05-01,5.77,0.3242,0.4175,9.8,3.63
1883-06-01,5.82,0.325,0.415,9.51,3.63
1883-07-01,5.73,0.3258,0.4125,9.32,3.62
1883-08-01,5.47,0.3267,0.41,9.32,3.62
1883-09-01,5.53,0.3275,0.4075,9.23,3.62
1883-10-01,5.38,0.3283,0.405,9.23,3.62
1883-11-01,5.46,0.3292,0.4025,9.13,3.62
1883-12-01,5.34,0.33,0.4,9.23,3.62
1884-01-01,5.18,0.3283,0.3925,9.23,3.62
1884-02-01,5.32,0.3267,0.385,9.23,3.61
1884-03-01,5.3,0.325,0.3775,9.23,3.6
1884-04-01,5.06,0.3233,0.37,9.04,3.59
1884-05-01,4.65,0.3217,0.3625,8.85,3.59
1884-06-01,4.46,0.32,0.355,8.85,3.58
1884-07-01,4.46,0.3183,0.3475,8.75,3.57
1884-08-01,4.74,0.3167,0.34,8.75,3.56
1884-09-01,4.59,0.315,0.3325,8.66,3.55
1884-10-01,4.44,0.3133,0.325,8.56,3.54
1884-11-01,4.35,0.3117,0.3175,8.37,3.54
1884-12-01,4.34,0.31,0.31,8.28,3.53
1885-01-01,4.24,0.3042,0.3067,8.28,3.52
1885-02-01,4.37,0.2983,0.3033,8.37,3.51
1885-03-01,4.38,0.2925,0.3,8.18,3.5
1885-04-01,4.37,0.2867,0.2967,8.28,3.48
1885-05-01,4.32,0.2808,0.2933,8.09,3.47
1885-06-01,4.3,0.275,0.29,7.9,3.46
1885-07-01,4.46,0.2692,0.2867,7.99,3.44
1885-08-01,4.71,0.2633,0.2833,7.99,3.43
1885-09-01,4.65,0.2575,0.28,7.9,3.42
1885-10-01,4.92,0.2517,0.2767,7.9,3.41
1885-11-01,5.24,0.2458,0.2733,7.99,3.4
1885-12-01,5.2,0.24,0.27,8.18,3.38
1886-01-01,5.2,0.2383,0.275,7.99,3.37
1886-02-01,5.3,0.2367,0.28,7.99,3.38
1886-03-01,5.19,0.235,0.285,7.9,3.4
1886-04-01,5.12,0.2333,0.29,7.8,3.41
1886-05-01,5.02,0.2317,0.295,7.61,3.42
1886-06-01,5.25,0.23,0.3,7.52,3.43
1886-07-01,5.33,0.2283,0.305,7.61,3.44
1886-08-01,5.37,0.2267,0.31,7.71,3.46
1886-09-01,5.51,0.225,0.315,7.71,3.47
1886-10-01,5.65,0.2233,0.32,7.71,3.48
1886-11-01,5.79,0.2217,0.325,7.71,3.5
1886-12-01,5.64,0.22,0.33,7.8,3.51
1887-01-01,5.58,0.2225,0.3325,7.99,3.52
1887-02-01,5.54,0.225,0.335,8.09,3.53
1887-03-01,5.67,0.2275,0.3375,8.09,3.55
1887-04-01,5.8,0.23,0.34,8.09,3.56
1887-05-01,5.9,0.2325,0.3425,8.09,3.57
1887-06-01,5.73,0.235,0.345,7.99,3.58
1887-07-01,5.59,0.2375,0.3475,7.9,3.59
1887-08-01,5.45,0.24,0.35,7.99,3.61
1887-09-01,5.38,0.2425,0.3525,7.9,3.62
1887-10-01,5.2,0.245,0.355,7.99,3.63
1887-11-01,5.3,0.2475,0.3575,8.09,3.65
1887-12-01,5.27,0.25,0.36,8.28,3.66
1888-01-01,5.31,0.2483,0.3517,8.37,3.67
1888-02-01,5.28,0.2467,0.3433,8.28,3.65
1888-03-01,5.08,0.245,0.335,8.28,3.63
1888-04-01,5.1,0.2433,0.3267,8.18,3.62
1888-05-01,5.17,0.2417,0.3183,8.09,3.6
1888-06-01,5.01,0.24,0.31,7.99,3.58
1888-07-01,5.14,0.2383,0.3017,8.09,3.56
1888-08-01,5.25,0.2367,0.2933,8.09,3.54
1888-09-01,5.38,0.235,0.285,8.09,3.52
1888-10-01,5.35,0.2333,0.2767,8.18,3.5
1888-11-01,5.24,0.2317,0.2683,8.28,3.49
1888-12-01,5.14,0.23,0.26,8.28,3.47
1889-01-01,5.24,0.2292,0.2633,7.99,3.45
1889-02-01,5.3,0.2283,0.2667,7.9,3.45
1889-03-01,5.19,0.2275,0.27,7.8,3.44
1889-04-01,5.18,0.2267,0.2733,7.8,3.44
1889-05-01,5.32,0.2258,0.2767,7.61,3.44
1889-06-01,5.41,0.225,0.28,7.61,3.44
1889-07-01,5.3,0.2242,0.2833,7.61,3.44
1889-08-01,5.37,0.2233,0.2867,7.61,3.43
1889-09-01,5.5,0.2225,0.29,7.71,3.43
1889-10-01,5.4,0.2217,0.2933,7.71,3.43
1889-11-01,5.35,0.2208,0.2967,7.71,3.43
1889-12-01,5.32,0.22,0.3,7.8,3.42
1890-01-01,5.38,0.22,0.2992,7.61,3.42
1890-02-01,5.32,0.22,0.2983,7.61,3.44
1890-03-01,5.28,0.22,0.2975,7.61,3.45
1890-04-01,5.39,0.22,0.2967,7.61,3.47
1890-05-01,5.62,0.22,0.2958,7.71,3.49
1890-06-01,5.58,0.22,0.295,7.71,3.5
1890-07-01,5.54,0.22,0.2942,7.71,3.52
1890-08-01,5.41,0.22,0.2933,7.99,3.54
1890-09-01,5.32,0.22,0.2925,8.09,3.55
1890-10-01,5.08,0.22,0.2917,8.09,3.57
1890-11-01,4.71,0.22,0.2908,7.9,3.59
1890-12-01,4.6,0.22,0.29,7.9,3.6
1891-01-01,4.84,0.22,0.2942,7.8,3.62
1891-02-01,4.9,0.22,0.2983,7.9,3.62
1891-03-01,4.81,0.22,0.3025,7.99,3.62
1891-04-01,4.97,0.22,0.3067,8.09,3.61
1891-05-01,4.95,0.22,0.3108,7.99,3.61
1891-06-01,4.85,0.22,0.315,7.8,3.61
1891-07-01,4.77,0.22,0.3192,7.71,3.61
1891-08-01,4.93,0.22,0.3233,7.71,3.61
1891-09-01,5.33,0.22,0.3275,7.61,3.61
1891-10-01,5.33,0.22,0.3317,7.61,3.6
1891-11-01,5.25,0.22,0.3358,7.52,3.6
1891-12-01,5.41,0.22,0.34,7.52,3.6
1892-01-01,5.51,0.2217,0.3425,7.33,3.6
1892-02-01,5.52,0.2233,0.345,7.33,3.61
1892-03-01,5.58,0.225,0.3475,7.14,3.62
1892-04-01,5.57,0.2267,0.35,7.04,3.64
1892-05-01,5.57,0.2283,0.3525,7.04,3.65
1892-06-01,5.54,0.23,0.355,7.04,3.66
1892-07-01,5.54,0.2317,0.3575,7.23,3.67
1892-08-01,5.62,0.2333,0.36,7.33,3.69
1892-09-01,5.48,0.235,0.3625,7.33,3.7
1892-10-01,5.59,0.2367,0.365,7.33,3.71
1892-11-01,5.57,0.2383,0.3675,7.52,3.73
1892-12-01,5.51,0.24,0.37,7.61,3.74
1893-01-01,5.61,0.2408,0.3608,7.9,3.75
1893-02-01,5.51,0.2417,0.3517,7.99,3.75
1893-03-01,5.31,0.2425,0.3425,7.8,3.74
1893-04-01,5.31,0.2433,0.3333,7.71,3.74
1893-05-01,4.84,0.2442,0.3242,7.61,3.73
1893-06-01,4.61,0.245,0.315,7.42,3.73
1893-07-01,4.18,0.2458,0.3058,7.23,3.73
1893-08-01,4.08,0.2467,0.2967,6.95,3.72
1893-09-01,4.37,0.2475,0.2875,7.23,3.72
1893-10-01,4.5,0.2483,0.2783,7.33,3.71
1893-11-01,4.57,0.2492,0.2692,7.14,3.71
1893-12-01,4.41,0.25,0.26,7.04,3.7
1894-01-01,4.32,0.2467,0.2517,6.85,3.7
1894-02-01,4.38,0.2433,0.2433,6.76,3.68
1894-03-01,4.51,0.24,0.235,6.57,3.66
1894-04-01,4.57,0.2367,0.2267,6.57,3.64
1894-05-01,4.4,0.2333,0.2183,6.57,3.62
1894-06-01,4.34,0.23,0.21,6.57,3.6
1894-07-01,4.25,0.2267,0.2017,6.57,3.58
1894-08-01,4.41,0.2233,0.1933,6.76,3.56
1894-09-01,4.48,0.22,0.185,6.85,3.54
1894-10-01,4.34,0.2167,0.1767,6.66,3.52
1894-11-01,4.34,0.2133,0.1683,6.66,3.5
1894-12-01,4.3,0.21,0.16,6.57,3.48
1895-01-01,4.25,0.2083,0.1675,6.57,3.46
1895-02-01,4.19,0.2067,0.175,6.57,3.47
1895-03-01,4.19,0.205,0.1825,6.57,3.48
1895-04-01,4.37,0.2033,0.19,6.85,3.5
1895-05-01,4.61,0.2017,0.1975,6.95,3.51
1895-06-01,4.7,0.2,0.205,7.04,3.52
1895-07-01,4.72,0.1983,0.2125,6.95,3.53
1895-08-01,4.79,0.1967,0.22,6.85,3.54
1895-09-01,4.82,0.195,0.2275,6.85,3.55
1895-10-01,4.75,0.1933,0.235,6.85,3.56
1895-11-01,4.59,0.1917,0.2425,6.85,3.58
1895-12-01,4.32,0.19,0.25,6.76,3.59
1896-01-01,4.27,0.1892,0.2467,6.66,3.6
1896-02-01,4.45,0.1883,0.2433,6.57,3.58
1896-03-01,4.38,0.1875,0.24,6.57,3.57
1896-04-01,4.42,0.1867,0.2367,6.47,3.55
1896-05-01,4.4,0.1858,0.2333,6.37,3.53
1896-06-01,4.32,0.185,0.23,6.28,3.52
1896-07-01,4.04,0.1842,0.2267,6.28,3.5
1896-08-01,3.81,0.1833,0.2233,6.28,3.48
1896-09-01,4.01,0.1825,0.22,6.28,3.47
1896-10-01,4.1,0.1817,0.2167,6.47,3.45
1896-11-01,4.38,0.1808,0.2133,6.66,3.43
1896-12-01,4.22,0.18,0.21,6.66,3.42
1897-01-01,4.22,0.18,0.2183,6.47,3.4
1897-02-01,4.18,0.18,0.2267,6.47,3.4
1897-03-01,4.19,0.18,0.235,6.47,3.39
1897-04-01,4.06,0.18,0.2433,6.37,3.39
1897-05-01,4.08,0.18,0.2517,6.28,3.38
1897-06-01,4.27,0.18,0.26,6.28,3.38
1897-07-01,4.46,0.18,0.2683,6.28,3.38
1897-08-01,4.75,0.18,0.2767,6.57,3.37
1897-09-01,4.98,0.18,0.285,6.76,3.37
1897-10-01,4.82,0.18,0.2933,6.66,3.36
1897-11-01,4.65,0.18,0.3017,6.66,3.36
1897-12-01,4.75,0.18,0.31,6.66,3.35
1898-01-01,4.88,0.1817,0.3133,6.66,3.35
1898-02-01,4.87,0.1833,0.3167,6.76,3.33
1898-03-01,4.65,0.185,0.32,6.76,3.31
1898-04-01,4.57,0.1867,0.3233,6.76,3.29
1898-05-01,4.87,0.1883,0.3267,7.23,3.27
1898-06-01,5.06,0.19,0.33,6.76,3.25
1898-07-01,5.08,0.1917,0.3333,6.66,3.23
1898-08-01,5.27,0.1933,0.3367,6.66,3.2
1898-09-01,5.26,0.195,0.34,6.66,3.18
1898-10-01,5.15,0.1967,0.3433,6.66,3.16
1898-11-01,5.32,0.1983,0.3467,6.66,3.14
1898-12-01,5.65,0.2,0.35,6.76,3.12
1899-01-01,6.08,0.2008,0.3608,6.76,3.1
1899-02-01,6.31,0.2017,0.3717,6.95,3.1
1899-03-01,6.4,0.2025,0.3825,6.95,3.11
1899-04-01,6.48,0.2033,0.3933,7.04,3.11
1899-05-01,6.21,0.2042,0.4042,7.04,3.12
1899-06-01,6.07,0.205,0.415,7.14,3.12
1899-07-01,6.28,0.2058,0.4258,7.23,3.12
1899-08-01,6.44,0.2067,0.4367,7.33,3.13
1899-09-01,6.37,0.2075,0.4475,7.61,3.13
1899-10-01,6.34,0.2083,0.4583,7.71,3.14
1899-11-01,6.46,0.2092,0.4692,7.8,3.14
1899-12-01,6.02,0.21,0.48,7.9,3.15
1900-01-01,6.1,0.2175,0.48,7.9,3.15
1900-02-01,6.21,0.225,0.48,7.99,3.15
1900-03-01,6.26,0.2325,0.48,7.99,3.14
1900-04-01,6.34,0.24,0.48,7.99,3.14
1900-05-01,6.04,0.2475,0.48,7.8,3.13
1900-06-01,5.86,0.255,0.48,7.71,3.13
1900-07-01,5.86,0.2625,0.48,7.8,3.12
1900-08-01,5.94,0.27,0.48,7.71,3.12
1900-09-01,5.8,0.2775,0.48,7.8,3.12
1900-10-01,6.01,0.285,0.48,7.71,3.11
1900-11-01,6.48,0.2925,0.48,7.71,3.11
1900-12-01,6.87,0.3,0.48,7.61,3.1
1901-01-01,7.07,0.3017,0.4817,7.71,3.1
1901-02-01,7.25,0.3033,0.4833,7.61,3.11
1901-03-01,7.51,0.305,0.485,7.61,3.11
1901-04-01,8.14,0.3067,0.4867,7.52,3.12
1901-05-01,7.73,0.3083,0.4883,7.52,3.13
1901-06-01,8.5,0.31,0.49,7.52,3.13
1901-07-01,7.93,0.3117,0.4917,7.61,3.14
1901-08-01,8.04,0.3133,0.4933,7.71,3.15
1901-09-01,8.,0.315,0.495,7.8,3.15
1901-10-01,7.91,0.3167,0.4967,7.8,3.16
1901-11-01,8.08,0.3183,0.4983,7.9,3.17
1901-12-01,7.95,0.32,0.5,7.99,3.17
1902-01-01,8.12,0.3208,0.5108,7.9,3.18
1902-02-01,8.19,0.3217,0.5217,7.9,3.19
1902-03-01,8.2,0.3225,0.5325,7.9,3.2
1902-04-01,8.48,0.3233,0.5433,7.99,3.21
1902-05-01,8.46,0.3242,0.5542,8.09,3.22
1902-06-01,8.41,0.325,0.565,8.18,3.23
1902-07-01,8.6,0.3258,0.5758,8.18,3.24
1902-08-01,8.83,0.3267,0.5867,8.09,3.25
1902-09-01,8.85,0.3275,0.5975,8.18,3.26
1902-10-01,8.57,0.3283,0.6083,8.75,3.27
1902-11-01,8.24,0.3292,0.6192,8.47,3.28
1902-12-01,8.05,0.33,0.63,8.56,3.29
1903-01-01,8.46,0.3317,0.6217,8.66,3.3
1903-02-01,8.41,0.3333,0.6133,8.66,3.31
1903-03-01,8.08,0.335,0.605,8.37,3.32
1903-04-01,7.75,0.3367,0.5967,8.37,3.33
1903-05-01,7.6,0.3383,0.5883,8.18,3.33
1903-06-01,7.18,0.34,0.58,8.18,3.34
1903-07-01,6.85,0.3417,0.5717,8.18,3.35
1903-08-01,6.63,0.3433,0.5633,8.18,3.36
1903-09-01,6.47,0.345,0.555,8.28,3.37
1903-10-01,6.26,0.3467,0.5467,8.18,3.37
1903-11-01,6.28,0.3483,0.5383,8.09,3.38
1903-12-01,6.57,0.35,0.53,8.09,3.39
1904-01-01,6.68,0.3467,0.5267,8.28,3.4
1904-02-01,6.5,0.3433,0.5233,8.47,3.41
1904-03-01,6.48,0.34,0.52,8.37,3.41
1904-04-01,6.64,0.3367,0.5167,8.28,3.42
1904-05-01,6.5,0.3333,0.5133,8.09,3.43
1904-06-01,6.51,0.33,0.51,8.09,3.43
1904-07-01,6.78,0.3267,0.5067,8.09,3.44
1904-08-01,7.01,0.3233,0.5033,8.18,3.45
1904-09-01,7.32,0.32,0.5,8.28,3.45
1904-10-01,7.75,0.3167,0.4967,8.28,3.46
1904-11-01,8.17,0.3133,0.4933,8.47,3.47
1904-12-01,8.25,0.31,0.49,8.47,3.47
1905-01-01,8.43,0.3117,0.505,8.47,3.48
1905-02-01,8.8,0.3133,0.52,8.47,3.48
1905-03-01,9.05,0.315,0.535,8.37,3.47
1905-04-01,8.94,0.3167,0.55,8.37,3.47
1905-05-01,8.5,0.3183,0.565,8.28,3.46
1905-06-01,8.6,0.32,0.58,8.28,3.46
1905-07-01,8.87,0.3217,0.595,8.28,3.46
1905-08-01,9.2,0.3233,0.61,8.37,3.45
1905-09-01,9.23,0.325,0.625,8.28,3.45
1905-10-01,9.36,0.3267,0.64,8.28,3.44
1905-11-01,9.31,0.3283,0.655,8.37,3.44
1905-12-01,9.54,0.33,0.67,8.47,3.43
1906-01-01,9.87,0.3358,0.6775,8.47,3.43
1906-02-01,9.8,0.3417,0.685,8.47,3.45
1906-03-01,9.56,0.3475,0.6925,8.47,3.47
1906-04-01,9.43,0.3533,0.7,8.47,3.49
1906-05-01,9.18,0.3592,0.7075,8.56,3.51
1906-06-01,9.3,0.365,0.715,8.56,3.53
1906-07-01,9.06,0.3708,0.7225,8.28,3.55
1906-08-01,9.73,0.3767,0.73,8.47,3.57
1906-09-01,10.03,0.3825,0.7375,8.56,3.59
1906-10-01,9.73,0.3883,0.745,8.75,3.61
1906-11-01,9.93,0.3942,0.7525,8.85,3.63
1906-12-01,9.84,0.4,0.76,8.94,3.65
1907-01-01,9.56,0.4033,0.7517,8.85,3.67
1907-02-01,9.26,0.4067,0.7433,9.04,3.69
1907-03-01,8.35,0.41,0.735,8.94,3.7
1907-04-01,8.39,0.4133,0.7267,8.94,3.72
1907-05-01,8.1,0.4167,0.7183,9.13,3.74
1907-06-01,7.84,0.42,0.71,9.23,3.75
1907-07-01,8.14,0.4233,0.7017,9.23,3.77
1907-08-01,7.53,0.4267,0.6933,9.23,3.79
1907-09-01,7.45,0.43,0.685,9.23,3.8
1907-10-01,6.64,0.4333,0.6767,9.32,3.82
1907-11-01,6.25,0.4367,0.6683,8.94,3.84
1907-12-01,6.57,0.44,0.66,8.75,3.85
1908-01-01,6.85,0.4367,0.6533,8.66,3.87
1908-02-01,6.6,0.4333,0.6467,8.56,3.86
1908-03-01,6.87,0.43,0.64,8.56,3.85
1908-04-01,7.24,0.4267,0.6333,8.66,3.84
1908-05-01,7.63,0.4233,0.6267,8.66,3.83
1908-06-01,7.64,0.42,0.62,8.66,3.82
1908-07-01,7.92,0.4167,0.6133,8.75,3.81
1908-08-01,8.26,0.4133,0.6067,8.75,3.81
1908-09-01,8.17,0.41,0.6,8.75,3.8
1908-10-01,8.27,0.4067,0.5933,8.85,3.79
1908-11-01,8.83,0.4033,0.5867,8.94,3.78
1908-12-01,9.03,0.4,0.58,9.04,3.77
1909-01-01,9.06,0.4033,0.595,8.94,3.76
1909-02-01,8.8,0.4067,0.61,9.04,3.77
1909-03-01,8.92,0.41,0.625,9.04,3.78
1909-04-01,9.32,0.4133,0.64,9.23,3.8
1909-05-01,9.63,0.4167,0.655,9.32,3.81
1909-06-01,9.8,0.42,0.67,9.42,3.82
1909-07-01,9.94,0.4233,0.685,9.42,3.83
1909-08-01,10.18,0.4267,0.7,9.51,3.85
1909-09-01,10.19,0.43,0.715,9.61,3.86
1909-10-01,10.23,0.4333,0.73,9.8,3.87
1909-11-01,10.18,0.4367,0.745,9.9,3.88
1909-12-01,10.3,0.44,0.76,9.99,3.9
1910-01-01,10.08,0.4425,0.7575,9.9,3.91
1910-02-01,9.72,0.445,0.755,9.9,3.92
1910-03-01,9.96,0.4475,0.7525,10.09,3.92
1910-04-01,9.72,0.45,0.75,10.18,3.93
1910-05-01,9.56,0.4525,0.7475,9.99,3.93
1910-06-01,9.1,0.455,0.745,9.9,3.94
1910-07-01,8.64,0.4575,0.7425,9.9,3.95
1910-08-01,8.85,0.46,0.74,9.8,3.95
1910-09-01,8.91,0.4625,0.7375,9.7,3.96
1910-10-01,9.32,0.465,0.735,9.42,3.96
1910-11-01,9.31,0.4675,0.7325,9.23,3.97
1910-12-01,9.05,0.47,0.73,9.23,3.97
1911-01-01,9.27,0.47,0.7183,9.23,3.98
1911-02-01,9.43,0.47,0.7067,8.94,3.98
1911-03-01,9.32,0.47,0.695,9.04,3.98
1911-04-01,9.28,0.47,0.6833,8.75,3.99
1911-05-01,9.48,0.47,0.6717,8.75,3.99
1911-06-01,9.67,0.47,0.66,8.75,3.99
1911-07-01,9.63,0.47,0.6483,8.85,4.
1911-08-01,9.17,0.47,0.6367,9.13,4.
1911-09-01,8.67,0.47,0.625,9.23,4.
1911-10-01,8.72,0.47,0.6133,9.23,4.
1911-11-01,9.07,0.47,0.6017,9.13,4.
1911-12-01,9.11,0.47,0.59,9.04,4.01
1912-01-01,9.12,0.4708,0.5992,9.13,4.01
1912-02-01,9.04,0.4717,0.6083,9.23,4.05
1912-03-01,9.3,0.4725,0.6175,9.42,4.08
1912-04-01,9.59,0.4733,0.6267,9.7,4.12
1912-05-01,9.58,0.4742,0.6358,9.7,4.16
1912-06-01,9.58,0.475,0.645,9.61,4.19
1912-07-01,9.59,0.4758,0.6542,9.61,4.23
1912-08-01,9.81,0.4767,0.6633,9.7,4.27
1912-09-01,9.86,0.4775,0.6725,9.8,4.3
1912-10-01,9.84,0.4783,0.6817,9.8,4.34
1912-11-01,9.73,0.4792,0.6908,9.8,4.38
1912-12-01,9.38,0.48,0.7,9.7,4.41
1913-01-01,9.3,0.48,0.6942,9.8,4.45
1913-02-01,8.97,0.48,0.6883,9.8,4.43
1913-03-01,8.8,0.48,0.6825,9.8,4.4
1913-04-01,8.79,0.48,0.6767,9.8,4.38
1913-05-01,8.55,0.48,0.6708,9.7,4.35
1913-06-01,8.12,0.48,0.665,9.8,4.33
1913-07-01,8.23,0.48,0.6592,9.9,4.3
1913-08-01,8.45,0.48,0.6533,9.9,4.28
1913-09-01,8.53,0.48,0.6475,10.,4.26
1913-10-01,8.26,0.48,0.6417,10.,4.23
1913-11-01,8.05,0.48,0.6358,10.1,4.21
1913-12-01,8.04,0.48,0.63,10.,4.18
1914-01-01,8.37,0.475,0.6208,10.,4.16
1914-02-01,8.48,0.47,0.6117,9.9,4.17
1914-03-01,8.32,0.465,0.6025,9.9,4.17
1914-04-01,8.12,0.46,0.5933,9.8,4.18
1914-05-01,8.17,0.455,0.5842,9.9,4.19
1914-06-01,8.13,0.45,0.575,9.9,4.19
1914-07-01,7.68,0.445,0.5658,10.,4.2
1914-08-01,7.68,0.44,0.5567,10.2,4.21
1914-09-01,7.68,0.435,0.5475,10.2,4.21
1914-10-01,7.68,0.43,0.5383,10.1,4.22
1914-11-01,7.68,0.425,0.5292,10.2,4.23
1914-12-01,7.35,0.42,0.52,10.1,4.23
1915-01-01,7.48,0.4208,0.55,10.1,4.24
1915-02-01,7.38,0.4217,0.58,10.,4.22
1915-03-01,7.57,0.4225,0.61,9.9,4.21
1915-04-01,8.14,0.4233,0.64,10.,4.19
1915-05-01,7.95,0.4242,0.67,10.1,4.18
1915-06-01,8.04,0.425,0.7,10.1,4.16
1915-07-01,8.01,0.4258,0.73,10.1,4.14
1915-08-01,8.35,0.4267,0.76,10.1,4.13
1915-09-01,8.66,0.4275,0.79,10.1,4.11
1915-10-01,9.14,0.4283,0.82,10.2,4.1
1915-11-01,9.46,0.4292,0.85,10.3,4.08
1915-12-01,9.48,0.43,0.88,10.3,4.07
1916-01-01,9.33,0.4408,0.9342,10.4,4.05
1916-02-01,9.2,0.4517,0.9883,10.4,4.06
1916-03-01,9.17,0.4625,1.042,10.5,4.08
1916-04-01,9.07,0.4733,1.097,10.6,4.09
1916-05-01,9.27,0.4842,1.151,10.7,4.11
1916-06-01,9.36,0.495,1.205,10.8,4.12
1916-07-01,9.23,0.5058,1.259,10.8,4.14
1916-08-01,9.3,0.5167,1.313,10.9,4.16
1916-09-01,9.68,0.5275,1.368,11.1,4.17
1916-10-01,9.98,0.5383,1.422,11.3,4.19
1916-11-01,10.21,0.5492,1.476,11.5,4.2
1916-12-01,9.8,0.56,1.53,11.6,4.21
1917-01-01,9.57,0.5708,1.509,11.7,4.23
1917-02-01,9.03,0.5817,1.488,12.,4.26
1917-03-01,9.31,0.5925,1.468,12.,4.29
1917-04-01,9.17,0.6033,1.447,12.6,4.32
1917-05-01,8.86,0.6142,1.426,12.8,4.34
1917-06-01,9.04,0.625,1.405,13.,4.37
1917-07-01,8.79,0.6358,1.384,12.8,4.4
1917-08-01,8.53,0.6467,1.363,13.,4.43
1917-09-01,8.12,0.6575,1.343,13.3,4.46
1917-10-01,7.68,0.6683,1.322,13.5,4.49
1917-11-01,7.04,0.6792,1.301,13.5,4.51
1917-12-01,6.8,0.69,1.28,13.7,4.54
1918-01-01,7.21,0.68,1.256,14.,4.57
1918-02-01,7.43,0.67,1.232,14.1,4.56
1918-03-01,7.28,0.66,1.208,14.,4.56
1918-04-01,7.21,0.65,1.183,14.2,4.55
1918-05-01,7.44,0.64,1.159,14.5,4.55
1918-06-01,7.45,0.63,1.135,14.7,4.54
1918-07-01,7.51,0.62,1.111,15.1,4.54
1918-08-01,7.58,0.61,1.087,15.4,4.53
1918-09-01,7.54,0.6,1.063,15.7,4.52
1918-10-01,7.86,0.59,1.038,16.,4.52
1918-11-01,8.06,0.58,1.014,16.3,4.51
1918-12-01,7.9,0.57,0.99,16.5,4.51
1919-01-01,7.85,0.5667,0.985,16.5,4.5
1919-02-01,7.88,0.5633,0.98,16.2,4.54
1919-03-01,8.12,0.56,0.975,16.4,4.58
1919-04-01,8.39,0.5567,0.97,16.7,4.62
1919-05-01,8.97,0.5533,0.965,16.9,4.66
1919-06-01,9.21,0.55,0.96,16.9,4.7
1919-07-01,9.51,0.5467,0.955,17.4,4.73
1919-08-01,8.87,0.5433,0.95,17.7,4.77
1919-09-01,9.01,0.54,0.945,17.8,4.81
1919-10-01,9.47,0.5367,0.94,18.1,4.85
1919-11-01,9.19,0.5333,0.935,18.5,4.89
1919-12-01,8.92,0.53,0.93,18.9,4.93
1920-01-01,8.83,0.5283,0.9192,19.3,4.97
1920-02-01,8.1,0.5267,0.9083,19.5,4.98
1920-03-01,8.67,0.525,0.8975,19.7,4.99
1920-04-01,8.6,0.5233,0.8867,20.3,5.
1920-05-01,8.06,0.5217,0.8758,20.6,5.01
1920-06-01,7.92,0.52,0.865,20.9,5.02
1920-07-01,7.91,0.5183,0.8542,20.8,5.03
1920-08-01,7.6,0.5167,0.8433,20.3,5.04
1920-09-01,7.87,0.515,0.8325,20.,5.05
1920-10-01,7.88,0.5133,0.8217,19.9,5.06
1920-11-01,7.48,0.5117,0.8108,19.8,5.07
1920-12-01,6.81,0.51,0.8,19.4,5.08
1921-01-01,7.11,0.5058,0.7575,19.,5.09
1921-02-01,7.06,0.5017,0.715,18.4,5.02
1921-03-01,6.88,0.4975,0.6725,18.3,4.96
1921-04-01,6.91,0.4933,0.63,18.1,4.89
1921-05-01,7.12,0.4892,0.5875,17.7,4.83
1921-06-01,6.55,0.485,0.545,17.6,4.76
1921-07-01,6.53,0.4808,0.5025,17.7,4.7
1921-08-01,6.45,0.4767,0.46,17.7,4.63
1921-09-01,6.61,0.4725,0.4175,17.5,4.56
1921-10-01,6.7,0.4683,0.375,17.5,4.5
1921-11-01,7.06,0.4642,0.3325,17.4,4.43
1921-12-01,7.31,0.46,0.29,17.3,4.37
1922-01-01,7.3,0.4642,0.3233,16.9,4.3
1922-02-01,7.46,0.4683,0.3567,16.9,4.3
1922-03-01,7.74,0.4725,0.39,16.7,4.31
1922-04-01,8.21,0.4767,0.4233,16.7,4.31
1922-05-01,8.53,0.4808,0.4567,16.7,4.32
1922-06-01,8.45,0.485,0.49,16.7,4.33
1922-07-01,8.51,0.4892,0.5233,16.8,4.33
1922-08-01,8.83,0.4933,0.5567,16.6,4.33
1922-09-01,9.06,0.4975,0.59,16.6,4.34
1922-10-01,9.26,0.5017,0.6233,16.7,4.34
1922-11-01,8.8,0.5058,0.6567,16.8,4.35
1922-12-01,8.78,0.51,0.69,16.9,4.35
1923-01-01,8.9,0.5117,0.7142,16.8,4.36
1923-02-01,9.28,0.5133,0.7383,16.8,4.33
1923-03-01,9.43,0.515,0.7625,16.8,4.31
1923-04-01,9.1,0.5167,0.7867,16.9,4.29
1923-05-01,8.67,0.5183,0.8108,16.9,4.26
1923-06-01,8.34,0.52,0.835,17.,4.23
1923-07-01,8.06,0.5217,0.8592,17.2,4.21
1923-08-01,8.1,0.5233,0.8833,17.1,4.18
1923-09-01,8.15,0.525,0.9075,17.2,4.16
1923-10-01,8.03,0.5267,0.9317,17.3,4.13
1923-11-01,8.27,0.5283,0.9558,17.3,4.11
1923-12-01,8.55,0.53,0.98,17.3,4.08
1924-01-01,8.83,0.5317,0.9758,17.3,4.06
1924-02-01,8.87,0.5333,0.9717,17.2,4.04
1924-03-01,8.7,0.535,0.9675,17.1,4.03
1924-04-01,8.5,0.5367,0.9633,17.,4.01
1924-05-01,8.47,0.5383,0.9592,17.,3.99
1924-06-01,8.63,0.54,0.955,17.,3.98
1924-07-01,9.03,0.5417,0.9508,17.1,3.96
1924-08-01,9.34,0.5433,0.9467,17.,3.94
1924-09-01,9.25,0.545,0.9425,17.1,3.93
1924-10-01,9.13,0.5467,0.9383,17.2,3.91
1924-11-01,9.64,0.5483,0.9342,17.2,3.89
1924-12-01,10.16,0.55,0.93,17.3,3.88
1925-01-01,10.58,0.5542,0.9567,17.3,3.86
1925-02-01,10.67,0.5583,0.9833,17.2,3.85
1925-03-01,10.39,0.5625,1.01,17.3,3.83
1925-04-01,10.28,0.5667,1.037,17.2,3.81
1925-05-01,10.61,0.5708,1.063,17.3,3.8
1925-06-01,10.8,0.575,1.09,17.5,3.79
1925-07-01,11.1,0.5792,1.117,17.7,3.77
1925-08-01,11.25,0.5833,1.143,17.7,3.76
1925-09-01,11.51,0.5875,1.17,17.7,3.74
1925-10-01,11.89,0.5917,1.197,17.7,3.73
1925-11-01,12.26,0.5958,1.223,18.,3.71
1925-12-01,12.46,0.6,1.25,17.9,3.7
1926-01-01,12.65,0.6075,1.249,17.9,3.68
1926-02-01,12.67,0.615,1.248,17.9,3.65
1926-03-01,11.81,0.6225,1.248,17.8,3.62
1926-04-01,11.48,0.63,1.247,17.9,3.6
1926-05-01,11.56,0.6375,1.246,17.8,3.57
1926-06-01,12.11,0.645,1.245,17.7,3.54
1926-07-01,12.62,0.6525,1.244,17.5,3.51
1926-08-01,13.12,0.66,1.243,17.4,3.48
1926-09-01,13.32,0.6675,1.242,17.5,3.45
1926-10-01,13.02,0.675,1.242,17.6,3.42
1926-11-01,13.19,0.6825,1.241,17.7,3.4
1926-12-01,13.49,0.69,1.24,17.7,3.37
1927-01-01,13.4,0.6967,1.229,17.5,3.34
1927-02-01,13.66,0.7033,1.218,17.4,3.34
1927-03-01,13.87,0.71,1.208,17.3,3.34
1927-04-01,14.21,0.7167,1.197,17.3,3.34
1927-05-01,14.7,0.7233,1.186,17.4,3.34
1927-06-01,14.89,0.73,1.175,17.6,3.34
1927-07-01,15.22,0.7367,1.164,17.3,3.33
1927-08-01,16.03,0.7433,1.153,17.2,3.33
1927-09-01,16.94,0.75,1.143,17.3,3.33
1927-10-01,16.68,0.7567,1.132,17.4,3.33
1927-11-01,17.06,0.7633,1.121,17.3,3.33
1927-12-01,17.46,0.77,1.11,17.3,3.33
1928-01-01,17.53,0.7767,1.133,17.3,3.33
1928-02-01,17.32,0.7833,1.155,17.1,3.35
1928-03-01,18.25,0.79,1.177,17.1,3.38
1928-04-01,19.4,0.7967,1.2,17.1,3.4
1928-05-01,20.,0.8033,1.222,17.2,3.42
1928-06-01,19.02,0.81,1.245,17.1,3.44
1928-07-01,19.16,0.8167,1.268,17.1,3.46
1928-08-01,19.78,0.8233,1.29,17.1,3.49
1928-09-01,21.17,0.83,1.312,17.3,3.51
1928-10-01,21.6,0.8367,1.335,17.2,3.53
1928-11-01,23.06,0.8433,1.357,17.2,3.56
1928-12-01,23.15,0.85,1.38,17.1,3.58
1929-01-01,24.86,0.86,1.399,17.1,3.6
1929-02-01,24.99,0.87,1.418,17.1,3.57
1929-03-01,25.43,0.88,1.438,17.,3.55
1929-04-01,25.28,0.89,1.457,16.9,3.52
1929-05-01,25.66,0.9,1.476,17.,3.5
1929-06-01,26.15,0.91,1.495,17.1,3.47
1929-07-01,28.48,0.92,1.514,17.3,3.45
1929-08-01,30.1,0.93,1.533,17.3,3.42
1929-09-01,31.3,0.94,1.552,17.3,3.39
1929-10-01,27.99,0.95,1.572,17.3,3.37
1929-11-01,20.58,0.96,1.591,17.3,3.34
1929-12-01,21.4,0.97,1.61,17.2,3.32
1930-01-01,21.71,0.9708,1.557,17.1,3.29
1930-02-01,23.07,0.9717,1.503,17.,3.29
1930-03-01,23.94,0.9725,1.45,16.9,3.3
1930-04-01,25.46,0.9733,1.397,17.,3.3
1930-05-01,23.94,0.9742,1.343,16.9,3.31
1930-06-01,21.52,0.975,1.29,16.8,3.31
1930-07-01,21.06,0.9758,1.237,16.6,3.32
1930-08-01,20.79,0.9767,1.183,16.5,3.32
1930-09-01,20.78,0.9775,1.13,16.6,3.32
1930-10-01,17.92,0.9783,1.077,16.5,3.33
1930-11-01,16.62,0.9792,1.023,16.4,3.33
1930-12-01,15.51,0.98,0.97,16.1,3.34
1931-01-01,15.98,0.9667,0.94,15.9,3.34
1931-02-01,17.2,0.9533,0.91,15.7,3.37
1931-03-01,17.53,0.94,0.88,15.6,3.4
1931-04-01,15.86,0.9267,0.85,15.5,3.42
1931-05-01,14.33,0.9133,0.82,15.3,3.45
1931-06-01,13.87,0.9,0.79,15.1,3.48
1931-07-01,14.33,0.8867,0.76,15.1,3.51
1931-08-01,13.9,0.8733,0.73,15.1,3.54
1931-09-01,11.83,0.86,0.7,15.,3.57
1931-10-01,10.25,0.8467,0.67,14.9,3.6
1931-11-01,10.39,0.8333,0.64,14.7,3.62
1931-12-01,8.44,0.82,0.61,14.6,3.65
1932-01-01,8.3,0.7933,0.5933,14.3,3.68
1932-02-01,8.23,0.7667,0.5767,14.1,3.65
1932-03-01,8.26,0.74,0.56,14.,3.62
1932-04-01,6.28,0.7133,0.5433,13.9,3.59
1932-05-01,5.51,0.6867,0.5267,13.7,3.56
1932-06-01,4.77,0.66,0.51,13.6,3.53
1932-07-01,5.01,0.6333,0.4933,13.6,3.5
1932-08-01,7.53,0.6067,0.4767,13.5,3.46
1932-09-01,8.26,0.58,0.46,13.4,3.43
1932-10-01,7.12,0.5533,0.4433,13.3,3.4
1932-11-01,7.05,0.5267,0.4267,13.2,3.37
1932-12-01,6.82,0.5,0.41,13.1,3.34
1933-01-01,7.09,0.495,0.4125,12.9,3.31
1933-02-01,6.25,0.49,0.415,12.7,3.29
1933-03-01,6.23,0.485,0.4175,12.6,3.28
1933-04-01,6.89,0.48,0.42,12.6,3.26
1933-05-01,8.87,0.475,0.4225,12.6,3.25
1933-06-01,10.39,0.47,0.425,12.7,3.23
1933-07-01,11.23,0.465,0.4275,13.1,3.21
1933-08-01,10.67,0.46,0.43,13.2,3.2
1933-09-01,10.58,0.455,0.4325,13.2,3.18
1933-10-01,9.55,0.45,0.435,13.2,3.17
1933-11-01,9.78,0.445,0.4375,13.2,3.15
1933-12-01,9.97,0.44,0.44,13.2,3.14
1934-01-01,10.54,0.4408,0.4442,13.2,3.12
1934-02-01,11.32,0.4417,0.4483,13.3,3.09
1934-03-01,10.74,0.4425,0.4525,13.3,3.06
1934-04-01,10.92,0.4433,0.4567,13.3,3.04
1934-05-01,9.81,0.4442,0.4608,13.3,3.01
1934-06-01,9.94,0.445,0.465,13.4,2.98
1934-07-01,9.47,0.4458,0.4692,13.4,2.96
1934-08-01,9.1,0.4467,0.4733,13.4,2.93
1934-09-01,8.88,0.4475,0.4775,13.6,2.9
1934-10-01,8.95,0.4483,0.4817,13.5,2.87
1934-11-01,9.2,0.4492,0.4858,13.5,2.84
1934-12-01,9.26,0.45,0.49,13.4,2.82
1935-01-01,9.26,0.45,0.57,13.6,2.79
1935-02-01,8.98,0.45,0.65,13.7,2.78
1935-03-01,8.41,0.45,0.73,13.7,2.77
1935-04-01,9.04,0.446667,0.756667,13.8,2.75
1935-05-01,9.75,0.443333,0.783333,13.8,2.74
1935-06-01,10.12,0.44,0.81,13.7,2.73
1935-07-01,10.65,0.44,0.793333,13.7,2.72
1935-08-01,11.37,0.44,0.776667,13.7,2.71
1935-09-01,11.61,0.44,0.76,13.7,2.7
1935-10-01,11.92,0.45,0.76,13.7,2.69
1935-11-01,13.04,0.46,0.76,13.8,2.67
1935-12-01,13.04,0.47,0.76,13.8,2.66
1936-01-01,13.76,0.48,0.77,13.8,2.65
1936-02-01,14.55,0.49,0.78,13.8,2.65
1936-03-01,14.86,0.5,0.79,13.7,2.66
1936-04-01,14.88,0.516667,0.82,13.7,2.66
1936-05-01,14.09,0.533333,0.85,13.7,2.66
1936-06-01,14.69,0.55,0.88,13.8,2.66
1936-07-01,15.56,0.57,0.9,13.9,2.67
1936-08-01,15.87,0.59,0.92,14.,2.67
1936-09-01,16.05,0.61,0.94,14.,2.67
1936-10-01,16.89,0.646667,0.966667,14.,2.67
1936-11-01,17.36,0.683333,0.993333,14.,2.67
1936-12-01,17.06,0.72,1.02,14.,2.68
1937-01-01,17.59,0.73,1.05,14.1,2.68
1937-02-01,18.11,0.74,1.08,14.1,2.67
1937-03-01,18.09,0.75,1.11,14.2,2.66
1937-04-01,17.01,0.78,1.13,14.3,2.65
1937-05-01,16.25,0.81,1.15,14.4,2.64
1937-06-01,15.64,0.84,1.17,14.4,2.63
1937-07-01,16.57,0.816667,1.18667,14.5,2.62
1937-08-01,16.74,0.793333,1.20333,14.5,2.61
1937-09-01,14.37,0.77,1.22,14.6,2.6
1937-10-01,12.28,0.78,1.19,14.6,2.59
1937-11-01,11.2,0.79,1.16,14.5,2.58
1937-12-01,11.02,0.8,1.13,14.4,2.57
1938-01-01,11.31,0.793333,1.07667,14.2,2.56
1938-02-01,11.04,0.786667,1.02333,14.1,2.54
1938-03-01,10.31,0.78,0.97,14.1,2.53
1938-04-01,9.89,0.766667,0.903333,14.2,2.51
1938-05-01,9.98,0.753333,0.836667,14.1,2.49
1938-06-01,10.21,0.74,0.77,14.1,2.48
1938-07-01,12.24,0.713333,0.72,14.1,2.46
1938-08-01,12.31,0.686667,0.67,14.1,2.44
1938-09-01,11.75,0.66,0.62,14.1,2.43
1938-10-01,13.06,0.61,0.626667,14.,2.41
1938-11-01,13.07,0.56,0.633333,14.,2.39
1938-12-01,12.69,0.51,0.64,14.,2.38
1939-01-01,12.5,0.513333,0.663333,14.,2.36
1939-02-01,12.4,0.516667,0.686667,13.9,2.35
1939-03-01,12.39,0.52,0.71,13.9,2.33
1939-04-01,10.83,0.523333,0.726667,13.8,2.32
1939-05-01,11.23,0.526667,0.743333,13.8,2.31
1939-06-01,11.43,0.53,0.76,13.8,2.3
1939-07-01,11.71,0.54,0.776667,13.8,2.29
1939-08-01,11.54,0.55,0.793333,13.8,2.27
1939-09-01,12.77,0.56,0.81,14.1,2.26
1939-10-01,12.9,0.58,0.84,14.,2.25
1939-11-01,12.67,0.6,0.87,14.,2.24
1939-12-01,12.37,0.62,0.9,14.,2.22
1940-01-01,12.3,0.623333,0.93,13.9,2.21
1940-02-01,12.22,0.626667,0.96,14.,2.19
1940-03-01,12.15,0.63,0.99,14.,2.17
1940-04-01,12.27,0.636667,1.00667,14.,2.15
1940-05-01,10.58,0.643333,1.02333,14.,2.12
1940-06-01,9.67,0.65,1.04,14.1,2.1
1940-07-01,9.99,0.656667,1.05333,14.,2.08
1940-08-01,10.2,0.663333,1.06667,14.,2.06
1940-09-01,10.63,0.67,1.08,14.,2.04
1940-10-01,10.73,0.67,1.07,14.,2.02
1940-11-01,10.98,0.67,1.06,14.,1.99
1940-12-01,10.53,0.67,1.05,14.1,1.97
1941-01-01,10.55,0.673333,1.05333,14.1,1.95
1941-02-01,9.89,0.676667,1.05667,14.1,1.99
1941-03-01,9.95,0.68,1.06,14.2,2.04
1941-04-01,9.64,0.683333,1.07,14.3,2.08
1941-05-01,9.43,0.686667,1.08,14.4,2.12
1941-06-01,9.76,0.69,1.09,14.7,2.16
1941-07-01,10.26,0.693333,1.12333,14.7,2.21
1941-08-01,10.21,0.696667,1.15667,14.9,2.25
1941-09-01,10.24,0.7,1.19,15.1,2.29
1941-10-01,9.83,0.703333,1.18,15.3,2.33
1941-11-01,9.37,0.706667,1.17,15.4,2.38
1941-12-01,8.76,0.71,1.16,15.5,2.42
1942-01-01,8.93,0.703333,1.12,15.7,2.46
1942-02-01,8.65,0.696667,1.08,15.8,2.46
1942-03-01,8.18,0.69,1.04,16.,2.46
1942-04-01,7.84,0.68,1.02,16.1,2.46
1942-05-01,7.93,0.67,1.,16.3,2.46
1942-06-01,8.33,0.66,0.98,16.3,2.46
1942-07-01,8.64,0.646667,0.966667,16.4,2.46
1942-08-01,8.59,0.633333,0.953333,16.5,2.47
1942-09-01,8.68,0.62,0.94,16.5,2.47
1942-10-01,9.32,0.61,0.97,16.7,2.47
1942-11-01,9.47,0.6,1.,16.8,2.47
1942-12-01,9.52,0.59,1.03,16.9,2.47
1943-01-01,10.09,0.59,1.04333,16.9,2.47
1943-02-01,10.69,0.59,1.05667,16.9,2.47
1943-03-01,11.07,0.59,1.07,17.2,2.47
1943-04-01,11.44,0.59,1.08,17.4,2.47
1943-05-01,11.89,0.59,1.09,17.5,2.47
1943-06-01,12.1,0.59,1.1,17.5,2.47
1943-07-01,12.35,0.593333,1.09333,17.4,2.48
1943-08-01,11.74,0.596667,1.08667,17.3,2.48
1943-09-01,11.99,0.6,1.08,17.4,2.48
1943-10-01,11.88,0.603333,1.03333,17.4,2.48
1943-11-01,11.33,0.606667,0.986667,17.4,2.48
1943-12-01,11.48,0.61,0.94,17.4,2.48
1944-01-01,11.85,0.613333,0.936667,17.4,2.48
1944-02-01,11.77,0.616667,0.933333,17.4,2.47
1944-03-01,12.1,0.62,0.93,17.4,2.46
1944-04-01,11.89,0.623333,0.926667,17.5,2.45
1944-05-01,12.1,0.626667,0.923333,17.5,2.44
1944-06-01,12.67,0.63,0.92,17.6,2.43
1944-07-01,13.,0.633333,0.913333,17.7,2.42
1944-08-01,12.81,0.636667,0.906667,17.7,2.42
1944-09-01,12.6,0.64,0.9,17.7,2.41
1944-10-01,12.91,0.64,0.91,17.7,2.4
1944-11-01,12.82,0.64,0.92,17.7,2.39
1944-12-01,13.1,0.64,0.93,17.8,2.38
1945-01-01,13.49,0.643333,0.94,17.8,2.37
1945-02-01,13.94,0.646667,0.95,17.8,2.35
1945-03-01,13.93,0.65,0.96,17.8,2.34
1945-04-01,14.28,0.65,0.973333,17.8,2.33
1945-05-01,14.82,0.65,0.986667,17.9,2.31
1945-06-01,15.09,0.65,1.,18.1,2.29
1945-07-01,14.78,0.653333,0.996667,18.1,2.28
1945-08-01,14.83,0.656667,0.993333,18.1,2.27
1945-09-01,15.84,0.66,0.99,18.1,2.25
1945-10-01,16.5,0.66,0.98,18.1,2.24
1945-11-01,17.04,0.66,0.97,18.1,2.22
1945-12-01,17.33,0.66,0.96,18.2,2.21
1946-01-01,18.02,0.666667,0.94,18.2,2.19
1946-02-01,18.07,0.673333,0.92,18.1,2.19
1946-03-01,17.53,0.68,0.9,18.3,2.2
1946-04-01,18.66,0.68,0.88,18.4,2.21
1946-05-01,18.7,0.68,0.86,18.5,2.21
1946-06-01,18.58,0.68,0.84,18.7,2.21
1946-07-01,18.05,0.683333,0.856667,19.8,2.22
1946-08-01,17.7,0.686667,0.873333,20.2,2.23
1946-09-01,15.09,0.69,0.89,20.4,2.23
1946-10-01,14.75,0.696667,0.946667,20.8,2.23
1946-11-01,14.69,0.703333,1.00333,21.3,2.24
1946-12-01,15.13,0.71,1.06,21.5,2.25
1947-01-01,15.21,0.713333,1.13,21.5,2.25
1947-02-01,15.8,0.716667,1.2,21.5,2.27
1947-03-01,15.16,0.72,1.27,21.9,2.28
1947-04-01,14.6,0.733333,1.32667,21.9,2.3
1947-05-01,14.34,0.746667,1.38333,21.9,2.31
1947-06-01,14.84,0.76,1.44,22.,2.33
1947-07-01,15.77,0.77,1.47667,22.2,2.34
1947-08-01,15.46,0.78,1.51333,22.5,2.36
1947-09-01,15.06,0.79,1.55,23.,2.38
1947-10-01,15.45,0.806667,1.57,23.,2.39
1947-11-01,15.27,0.823333,1.59,23.1,2.41
1947-12-01,15.03,0.84,1.61,23.4,2.42
1948-01-01,14.83,0.843333,1.64333,23.7,2.44
1948-02-01,14.1,0.846667,1.67667,23.5,2.43
1948-03-01,14.3,0.85,1.71,23.4,2.42
1948-04-01,15.4,0.85,1.76,23.8,2.41
1948-05-01,16.15,0.85,1.81,23.9,2.4
1948-06-01,16.82,0.85,1.86,24.1,2.39
1948-07-01,16.42,0.856667,1.93,24.4,2.38
1948-08-01,15.94,0.863333,2.,24.5,2.36
1948-09-01,15.76,0.87,2.07,24.5,2.35
1948-10-01,16.19,0.89,2.14333,24.4,2.34
1948-11-01,15.29,0.91,2.21667,24.2,2.33
1948-12-01,15.19,0.93,2.29,24.1,2.32
1949-01-01,15.36,0.946667,2.32,24.,2.31
1949-02-01,14.77,0.963333,2.35,23.8,2.31
1949-03-01,14.91,0.98,2.38,23.8,2.31
1949-04-01,14.89,0.993333,2.38667,23.9,2.31
1949-05-01,14.78,1.00667,2.39333,23.8,2.31
1949-06-01,13.97,1.02,2.4,23.9,2.31
1949-07-01,14.76,1.02667,2.39667,23.7,2.31
1949-08-01,15.29,1.03333,2.39333,23.8,2.32
1949-09-01,15.49,1.04,2.39,23.9,2.32
1949-10-01,15.89,1.07333,2.36667,23.7,2.32
1949-11-01,16.11,1.10667,2.34333,23.8,2.32
1949-12-01,16.54,1.14,2.32,23.6,2.32
1950-01-01,16.88,1.15,2.33667,23.5,2.32
1950-02-01,17.21,1.16,2.35333,23.5,2.34
1950-03-01,17.35,1.17,2.37,23.6,2.36
1950-04-01,17.84,1.18,2.42667,23.6,2.38
1950-05-01,18.44,1.19,2.48333,23.7,2.4
1950-06-01,18.74,1.2,2.54,23.8,2.42
1950-07-01,17.38,1.24333,2.6,24.1,2.44
1950-08-01,18.43,1.28667,2.66,24.3,2.47
1950-09-01,19.08,1.33,2.72,24.4,2.49
1950-10-01,19.87,1.37667,2.76,24.6,2.51
1950-11-01,19.83,1.42333,2.8,24.7,2.53
1950-12-01,19.75,1.47,2.84,25.,2.55
1951-01-01,21.21,1.48667,2.83667,25.4,2.57
1951-02-01,22.,1.50333,2.83333,25.7,2.58
1951-03-01,21.63,1.52,2.83,25.8,2.59
1951-04-01,21.92,1.53333,2.79333,25.8,2.6
1951-05-01,21.93,1.54667,2.75667,25.9,2.61
1951-06-01,21.55,1.56,2.72,25.9,2.62
1951-07-01,21.93,1.54667,2.65,25.9,2.62
1951-08-01,22.89,1.53333,2.58,25.9,2.63
1951-09-01,23.48,1.52,2.51,26.1,2.64
1951-10-01,23.36,1.48333,2.48667,26.2,2.65
1951-11-01,22.71,1.44667,2.46333,26.4,2.66
1951-12-01,23.41,1.41,2.44,26.5,2.67
1952-01-01,24.19,1.41333,2.42667,26.5,2.68
1952-02-01,23.75,1.41667,2.41333,26.3,2.69
1952-03-01,23.81,1.42,2.4,26.3,2.71
1952-04-01,23.74,1.43,2.38,26.4,2.72
1952-05-01,23.73,1.44,2.36,26.4,2.73
1952-06-01,24.38,1.45,2.34,26.5,2.74
1952-07-01,25.08,1.45,2.34667,26.7,2.75
1952-08-01,25.18,1.45,2.35333,26.7,2.77
1952-09-01,24.78,1.45,2.36,26.7,2.78
1952-10-01,24.26,1.43667,2.37333,26.7,2.79
1952-11-01,25.03,1.42333,2.38667,26.7,2.81
1952-12-01,26.04,1.41,2.4,26.7,2.82
1953-01-01,26.18,1.41,2.41,26.6,2.83
1953-02-01,25.86,1.41,2.42,26.5,2.8
1953-03-01,25.99,1.41,2.43,26.6,2.77
1953-04-01,24.71,1.41333,2.45667,26.6,2.83
1953-05-01,24.84,1.41667,2.48333,26.7,3.05
1953-06-01,23.95,1.42,2.51,26.8,3.11
1953-07-01,24.29,1.42,2.52333,26.8,2.93
1953-08-01,24.39,1.42,2.53667,26.9,2.95
1953-09-01,23.27,1.42,2.55,26.9,2.87
1953-10-01,23.97,1.43,2.53667,27.,2.66
1953-11-01,24.5,1.44,2.52333,26.9,2.68
1953-12-01,24.83,1.45,2.51,26.9,2.59
1954-01-01,25.46,1.45667,2.52333,26.9,2.48
1954-02-01,26.02,1.46333,2.53667,26.9,2.47
1954-03-01,26.57,1.47,2.55,26.9,2.37
1954-04-01,27.63,1.46333,2.57333,26.8,2.29
1954-05-01,28.73,1.45667,2.59667,26.9,2.37
1954-06-01,28.96,1.45,2.62,26.9,2.38
1954-07-01,30.13,1.45667,2.62333,26.9,2.3
1954-08-01,30.73,1.46333,2.62667,26.9,2.36
1954-09-01,31.45,1.47,2.63,26.8,2.38
1954-10-01,32.18,1.49333,2.67667,26.8,2.43
1954-11-01,33.44,1.51667,2.72333,26.8,2.48
1954-12-01,34.97,1.54,2.77,26.7,2.51
1955-01-01,35.6,1.54667,2.83333,26.7,2.61
1955-02-01,36.79,1.55333,2.89667,26.7,2.65
1955-03-01,36.5,1.56,2.96,26.7,2.68
1955-04-01,37.76,1.56333,3.04667,26.7,2.75
1955-05-01,37.6,1.56667,3.13333,26.7,2.76
1955-06-01,39.78,1.57,3.22,26.7,2.78
1955-07-01,42.69,1.58667,3.29333,26.8,2.9
1955-08-01,42.43,1.60333,3.36667,26.8,2.97
1955-09-01,44.34,1.62,3.44,26.9,2.97
1955-10-01,42.11,1.62667,3.5,26.9,2.88
1955-11-01,44.95,1.63333,3.56,26.9,2.89
1955-12-01,45.37,1.64,3.62,26.8,2.96
1956-01-01,44.15,1.67,3.64333,26.8,2.9
1956-02-01,44.43,1.7,3.66667,26.8,2.84
1956-03-01,47.49,1.73,3.69,26.8,2.96
1956-04-01,48.05,1.75333,3.66,26.9,3.18
1956-05-01,46.54,1.77667,3.63,27.,3.07
1956-06-01,46.27,1.8,3.6,27.2,3.
1956-07-01,48.78,1.81333,3.55333,27.4,3.11
1956-08-01,48.49,1.82667,3.50667,27.3,3.33
1956-09-01,46.84,1.84,3.46,27.4,3.38
1956-10-01,46.24,1.80667,3.44333,27.5,3.34
1956-11-01,45.76,1.77333,3.42667,27.5,3.49
1956-12-01,46.44,1.74,3.41,27.6,3.59
1957-01-01,45.43,1.73667,3.40667,27.6,3.46
1957-02-01,43.47,1.73333,3.40333,27.7,3.34
1957-03-01,44.03,1.73,3.4,27.8,3.41
1957-04-01,45.05,1.73,3.40667,27.9,3.48
1957-05-01,46.78,1.73,3.41333,28.,3.6
1957-06-01,47.55,1.73,3.42,28.1,3.8
1957-07-01,48.51,1.74,3.43667,28.3,3.93
1957-08-01,45.84,1.75,3.45333,28.3,3.93
1957-09-01,43.98,1.76,3.47,28.3,3.92
1957-10-01,41.24,1.77,3.43667,28.3,3.97
1957-11-01,40.35,1.78,3.40333,28.4,3.72
1957-12-01,40.33,1.79,3.37,28.4,3.21
1958-01-01,41.12,1.78333,3.29333,28.6,3.09
1958-02-01,41.26,1.77667,3.21667,28.6,3.05
1958-03-01,42.11,1.77,3.14,28.8,2.98
1958-04-01,42.34,1.75667,3.07,28.9,2.88
1958-05-01,43.7,1.74333,3.,28.9,2.92
1958-06-01,44.75,1.73,2.93,28.9,2.97
1958-07-01,45.98,1.73,2.91333,29.,3.2
1958-08-01,47.7,1.73,2.89667,28.9,3.54
1958-09-01,48.96,1.73,2.88,28.9,3.76
1958-10-01,50.95,1.73667,2.88333,28.9,3.8
1958-11-01,52.5,1.74333,2.88667,29.,3.74
1958-12-01,53.49,1.75,2.89,28.9,3.86
1959-01-01,55.62,1.75667,2.96333,29.,4.02
1959-02-01,54.77,1.76333,3.03667,28.9,3.96
1959-03-01,56.16,1.77,3.11,28.9,3.99
1959-04-01,57.1,1.77667,3.20667,29.,4.12
1959-05-01,57.96,1.78333,3.30333,29.,4.31
1959-06-01,57.46,1.79,3.4,29.1,4.34
1959-07-01,59.74,1.79667,3.41,29.2,4.4
1959-08-01,59.4,1.80333,3.42,29.2,4.43
1959-09-01,57.05,1.81,3.43,29.3,4.68
1959-10-01,57.,1.81667,3.41667,29.4,4.53
1959-11-01,57.23,1.82333,3.40333,29.4,4.53
1959-12-01,59.06,1.83,3.39,29.4,4.69
1960-01-01,58.03,1.86667,3.39,29.3,4.72
1960-02-01,55.78,1.90333,3.39,29.4,4.49
1960-03-01,55.02,1.94,3.39,29.4,4.25
1960-04-01,55.73,1.94333,3.34667,29.5,4.28
1960-05-01,55.22,1.94667,3.30333,29.5,4.35
1960-06-01,57.26,1.95,3.26,29.6,4.15
1960-07-01,55.84,1.95,3.26333,29.6,3.9
1960-08-01,56.51,1.95,3.26667,29.6,3.8
1960-09-01,54.81,1.95,3.27,29.6,3.8
1960-10-01,53.73,1.95,3.27,29.8,3.89
1960-11-01,55.47,1.95,3.27,29.8,3.93
1960-12-01,56.8,1.95,3.27,29.8,3.84
1961-01-01,59.72,1.94667,3.21,29.8,3.84
1961-02-01,62.17,1.94333,3.15,29.8,3.78
1961-03-01,64.12,1.94,3.09,29.8,3.74
1961-04-01,65.83,1.94,3.07,29.8,3.78
1961-05-01,66.5,1.94,3.05,29.8,3.71
1961-06-01,65.62,1.94,3.03,29.8,3.88
1961-07-01,65.44,1.94667,3.03667,30.,3.92
1961-08-01,67.79,1.95333,3.04333,29.9,4.04
1961-09-01,67.26,1.96,3.05,30.,3.98
1961-10-01,68.,1.98,3.09667,30.,3.92
1961-11-01,71.08,2.,3.14333,30.,3.94
1961-12-01,71.74,2.02,3.19,30.,4.06
1962-01-01,69.07,2.02667,3.25,30.,4.08
1962-02-01,70.22,2.03333,3.31,30.1,4.04
1962-03-01,70.29,2.04,3.37,30.1,3.93
1962-04-01,68.05,2.04667,3.40333,30.2,3.84
1962-05-01,62.99,2.05333,3.43667,30.2,3.87
1962-06-01,55.63,2.06,3.47,30.2,3.91
1962-07-01,56.97,2.06667,3.49,30.3,4.01
1962-08-01,58.52,2.07333,3.51,30.3,3.98
1962-09-01,58.,2.08,3.53,30.4,3.98
1962-10-01,56.17,2.09667,3.57667,30.4,3.93
1962-11-01,60.04,2.11333,3.62333,30.4,3.92
1962-12-01,62.64,2.13,3.67,30.4,3.86
1963-01-01,65.06,2.13667,3.68333,30.4,3.83
1963-02-01,65.92,2.14333,3.69667,30.4,3.92
1963-03-01,65.67,2.15,3.71,30.5,3.93
1963-04-01,68.76,2.16667,3.75333,30.5,3.97
1963-05-01,70.14,2.18333,3.79667,30.5,3.93
1963-06-01,70.11,2.2,3.84,30.6,3.99
1963-07-01,69.07,2.20333,3.88,30.7,4.02
1963-08-01,70.98,2.20667,3.92,30.7,4.
1963-09-01,72.85,2.21,3.96,30.7,4.08
1963-10-01,73.03,2.23333,3.98,30.8,4.11
1963-11-01,72.62,2.25667,4.,30.8,4.12
1963-12-01,74.17,2.28,4.02,30.9,4.13
1964-01-01,76.45,2.29667,4.07333,30.9,4.17
1964-02-01,77.39,2.31333,4.12667,30.9,4.15
1964-03-01,78.8,2.33,4.18,30.9,4.22
1964-04-01,79.94,2.34667,4.23,30.9,4.23
1964-05-01,80.72,2.36333,4.28,30.9,4.2
1964-06-01,80.24,2.38,4.33,31.,4.17
1964-07-01,83.22,2.4,4.37667,31.1,4.19
1964-08-01,82.,2.42,4.42333,31.,4.19
1964-09-01,83.41,2.44,4.47,31.1,4.2
1964-10-01,84.85,2.46,4.49667,31.1,4.19
1964-11-01,85.44,2.48,4.52333,31.2,4.15
1964-12-01,83.96,2.5,4.55,31.2,4.18
1965-01-01,86.12,2.51667,4.59333,31.2,4.19
1965-02-01,86.75,2.53333,4.63667,31.2,4.21
1965-03-01,86.83,2.55,4.68,31.3,4.21
1965-04-01,87.97,2.57,4.73333,31.4,4.2
1965-05-01,89.28,2.59,4.78667,31.4,4.21
1965-06-01,85.04,2.61,4.84,31.6,4.21
1965-07-01,84.91,2.62667,4.88667,31.6,4.2
1965-08-01,86.49,2.64333,4.93333,31.6,4.25
1965-09-01,89.38,2.66,4.98,31.6,4.29
1965-10-01,91.39,2.68,5.05,31.7,4.35
1965-11-01,92.15,2.7,5.12,31.7,4.45
1965-12-01,91.73,2.72,5.19,31.8,4.62
1966-01-01,93.32,2.74,5.24,31.8,4.61
1966-02-01,92.69,2.76,5.29,32.,4.83
1966-03-01,88.88,2.78,5.34,32.1,4.87
1966-04-01,91.6,2.79667,5.38,32.3,4.75
1966-05-01,86.78,2.81333,5.42,32.3,4.78
1966-06-01,86.06,2.83,5.46,32.4,4.81
1966-07-01,85.84,2.85,5.47667,32.5,5.02
1966-08-01,80.65,2.87,5.49333,32.7,5.22
1966-09-01,77.81,2.89,5.51,32.7,5.18
1966-10-01,77.13,2.88333,5.52333,32.9,5.01
1966-11-01,80.99,2.87667,5.53667,32.9,5.16
1966-12-01,81.33,2.87,5.55,32.9,4.84
1967-01-01,84.45,2.88,5.51667,32.9,4.58
1967-02-01,87.36,2.89,5.48333,32.9,4.63
1967-03-01,89.42,2.9,5.45,33.,4.54
1967-04-01,90.96,2.9,5.41,33.1,4.59
1967-05-01,92.59,2.9,5.37,33.2,4.85
1967-06-01,91.43,2.9,5.33,33.3,5.02
1967-07-01,93.01,2.90667,5.32,33.4,5.16
1967-08-01,94.49,2.91333,5.31,33.5,5.28
1967-09-01,95.81,2.92,5.3,33.6,5.3
1967-10-01,95.66,2.92,5.31,33.7,5.48
1967-11-01,92.66,2.92,5.32,33.8,5.75
1967-12-01,95.3,2.92,5.33,33.9,5.7
1968-01-01,95.04,2.93,5.36667,34.1,5.53
1968-02-01,90.75,2.94,5.40333,34.2,5.56
1968-03-01,89.09,2.95,5.44,34.3,5.74
1968-04-01,95.67,2.96333,5.48333,34.4,5.64
1968-05-01,97.87,2.97667,5.52667,34.5,5.87
1968-06-01,100.5,2.99,5.57,34.7,5.72
1968-07-01,100.3,3.00333,5.6,34.9,5.5
1968-08-01,98.11,3.01667,5.63,35.,5.42
1968-09-01,101.3,3.03,5.66,35.1,5.46
1968-10-01,103.8,3.04333,5.69333,35.3,5.58
1968-11-01,105.4,3.05667,5.72667,35.4,5.7
1968-12-01,106.5,3.07,5.76,35.5,6.03
1969-01-01,102.,3.08,5.78,35.6,6.04
1969-02-01,101.5,3.09,5.8,35.8,6.19
1969-03-01,99.3,3.1,5.82,36.1,6.3
1969-04-01,101.3,3.11,5.82667,36.3,6.17
1969-05-01,104.6,3.12,5.83333,36.4,6.32
1969-06-01,99.14,3.13,5.84,36.6,6.57
1969-07-01,94.71,3.13667,5.85667,36.8,6.72
1969-08-01,94.18,3.14333,5.87333,37.,6.69
1969-09-01,94.51,3.15,5.89,37.1,7.16
1969-10-01,95.52,3.15333,5.85333,37.3,7.1
1969-11-01,96.21,3.15667,5.81667,37.5,7.14
1969-12-01,91.11,3.16,5.78,37.7,7.65
1970-01-01,90.31,3.16333,5.73,37.8,7.79
1970-02-01,87.16,3.16667,5.68,38.,7.24
1970-03-01,88.65,3.17,5.63,38.2,7.07
1970-04-01,85.95,3.17333,5.59333,38.5,7.39
1970-05-01,76.06,3.17667,5.55667,38.6,7.91
1970-06-01,75.59,3.18,5.52,38.8,7.84
1970-07-01,75.72,3.18333,5.46667,39.,7.46
1970-08-01,77.92,3.18667,5.41333,39.,7.53
1970-09-01,82.58,3.19,5.36,39.2,7.39
1970-10-01,84.37,3.17333,5.28333,39.4,7.33
1970-11-01,84.28,3.15667,5.20667,39.6,6.84
1970-12-01,90.05,3.14,5.13,39.8,6.39
1971-01-01,93.49,3.13,5.16,39.8,6.24
1971-02-01,97.11,3.12,5.19,39.9,6.11
1971-03-01,99.6,3.11,5.22,40.,5.7
1971-04-01,103.,3.10667,5.25333,40.1,5.83
1971-05-01,101.6,3.10333,5.28667,40.3,6.39
1971-06-01,99.72,3.1,5.32,40.6,6.52
1971-07-01,99.,3.09667,5.35667,40.7,6.73
1971-08-01,97.24,3.09333,5.39333,40.8,6.58
1971-09-01,99.4,3.09,5.43,40.8,6.14
1971-10-01,97.29,3.08333,5.52,40.9,5.93
1971-11-01,92.78,3.07667,5.61,40.9,5.81
1971-12-01,99.17,3.07,5.7,41.1,5.93
1972-01-01,103.3,3.07,5.73667,41.1,5.95
1972-02-01,105.2,3.07,5.77333,41.3,6.08
1972-03-01,107.7,3.07,5.81,41.4,6.07
1972-04-01,108.8,3.07,5.86333,41.5,6.19
1972-05-01,107.7,3.07,5.91667,41.6,6.13
1972-06-01,108.,3.07,5.97,41.7,6.11
1972-07-01,107.2,3.07333,6.02667,41.9,6.11
1972-08-01,111.,3.07667,6.08333,42.,6.21
1972-09-01,109.4,3.08,6.14,42.1,6.55
1972-10-01,109.6,3.10333,6.23333,42.3,6.48
1972-11-01,115.1,3.12667,6.32667,42.4,6.28
1972-12-01,117.5,3.15,6.42,42.5,6.36
1973-01-01,118.4,3.15667,6.54667,42.6,6.46
1973-02-01,114.2,3.16333,6.67333,42.9,6.64
1973-03-01,112.4,3.17,6.8,43.3,6.71
1973-04-01,110.3,3.18667,6.94333,43.6,6.67
1973-05-01,107.2,3.20333,7.08667,43.9,6.85
1973-06-01,104.8,3.22,7.23,44.2,6.9
1973-07-01,105.8,3.23667,7.38333,44.3,7.13
1973-08-01,103.8,3.25333,7.53667,45.1,7.4
1973-09-01,105.6,3.27,7.69,45.2,7.09
1973-10-01,109.8,3.30667,7.84667,45.6,6.79
1973-11-01,102.,3.34333,8.00333,45.9,6.73
1973-12-01,94.78,3.38,8.16,46.2,6.74
1974-01-01,96.11,3.4,8.22667,46.6,6.99
1974-02-01,93.45,3.42,8.29333,47.2,6.96
1974-03-01,97.44,3.44,8.36,47.8,7.21
1974-04-01,92.46,3.46,8.48667,48.,7.51
1974-05-01,89.67,3.48,8.61333,48.6,7.58
1974-06-01,89.79,3.5,8.74,49.,7.54
1974-07-01,79.31,3.53,8.86333,49.4,7.81
1974-08-01,76.03,3.56,8.98667,50.,8.04
1974-09-01,68.12,3.59,9.11,50.6,8.04
1974-10-01,69.44,3.59333,9.03667,51.1,7.9
1974-11-01,71.74,3.59667,8.96333,51.5,7.68
1974-12-01,67.07,3.6,8.89,51.9,7.43
1975-01-01,72.56,3.62333,8.74333,52.1,7.5
1975-02-01,80.1,3.64667,8.59667,52.5,7.39
1975-03-01,83.78,3.67,8.45,52.7,7.73
1975-04-01,84.72,3.68333,8.28667,52.9,8.23
1975-05-01,90.1,3.69667,8.12333,53.2,8.06
1975-06-01,92.4,3.71,7.96,53.6,7.86
1975-07-01,92.49,3.71,7.89333,54.2,8.06
1975-08-01,85.71,3.71,7.82667,54.3,8.4
1975-09-01,84.67,3.71,7.76,54.6,8.43
1975-10-01,88.57,3.7,7.82667,54.9,8.14
1975-11-01,90.07,3.69,7.89333,55.3,8.05
1975-12-01,88.7,3.68,7.96,55.5,8.
1976-01-01,96.86,3.68333,8.19333,55.6,7.74
1976-02-01,100.6,3.68667,8.42667,55.8,7.79
1976-03-01,101.1,3.69,8.66,55.9,7.73
1976-04-01,101.9,3.71333,8.85667,56.1,7.56
1976-05-01,101.2,3.73667,9.05333,56.5,7.9
1976-06-01,101.8,3.76,9.25,56.8,7.86
1976-07-01,104.2,3.79,9.35,57.1,7.83
1976-08-01,103.3,3.82,9.45,57.4,7.77
1976-09-01,105.5,3.85,9.55,57.6,7.59
1976-10-01,101.9,3.91667,9.67,57.9,7.41
1976-11-01,101.2,3.98333,9.79,58.,7.29
1976-12-01,104.7,4.05,9.91,58.2,6.87
1977-01-01,103.8,4.09667,9.96667,58.5,7.21
1977-02-01,101.,4.14333,10.0233,59.1,7.39
1977-03-01,100.6,4.19,10.08,59.5,7.46
1977-04-01,99.05,4.24667,10.1933,60.,7.37
1977-05-01,98.76,4.30333,10.3067,60.3,7.46
1977-06-01,99.29,4.36,10.42,60.7,7.28
1977-07-01,100.2,4.40667,10.5167,61.,7.33
1977-08-01,97.75,4.45333,10.6133,61.2,7.4
1977-09-01,96.23,4.5,10.71,61.4,7.34
1977-10-01,93.74,4.55667,10.77,61.6,7.52
1977-11-01,94.28,4.61333,10.83,61.9,7.58
1977-12-01,93.82,4.67,10.89,62.1,7.69
1978-01-01,90.25,4.71333,10.9,62.5,7.96
1978-02-01,88.98,4.75667,10.91,62.9,8.03
1978-03-01,88.82,4.8,10.92,63.4,8.04
1978-04-01,92.71,4.83667,11.0233,63.9,8.15
1978-05-01,97.41,4.87333,11.1267,64.5,8.35
1978-06-01,97.66,4.91,11.23,65.2,8.46
1978-07-01,97.19,4.94667,11.3433,65.7,8.64
1978-08-01,103.9,4.98333,11.4567,66.,8.41
1978-09-01,103.9,5.02,11.57,66.5,8.42
1978-10-01,100.6,5.03667,11.8233,67.1,8.64
1978-11-01,94.71,5.05333,12.0767,67.4,8.81
1978-12-01,96.11,5.07,12.33,67.7,9.01
1979-01-01,99.71,5.11333,12.6533,68.3,9.1
1979-02-01,98.23,5.15667,12.9767,69.1,9.1
1979-03-01,100.1,5.2,13.3,69.8,9.12
1979-04-01,102.1,5.24667,13.5267,70.6,9.18
1979-05-01,99.73,5.29333,13.7533,71.5,9.25
1979-06-01,101.7,5.34,13.98,72.3,8.91
1979-07-01,102.7,5.39667,14.1967,73.1,8.95
1979-08-01,107.4,5.45333,14.4133,73.8,9.03
1979-09-01,108.6,5.51,14.63,74.6,9.33
1979-10-01,104.5,5.55667,14.7067,75.2,10.3
1979-11-01,103.7,5.60333,14.7833,75.9,10.65
1979-12-01,107.8,5.65,14.86,76.7,10.39
1980-01-01,110.9,5.7,15.0033,77.8,10.8
1980-02-01,115.3,5.75,15.1467,78.9,12.41
1980-03-01,104.7,5.8,15.29,80.1,12.75
1980-04-01,103.,5.84667,15.1733,81.,11.47
1980-05-01,107.7,5.89333,15.0567,81.8,10.18
1980-06-01,114.6,5.94,14.94,82.7,9.78
1980-07-01,119.8,5.98333,14.84,82.7,10.25
1980-08-01,123.5,6.02667,14.74,83.3,11.1
1980-09-01,126.5,6.07,14.64,84.,11.51
1980-10-01,130.2,6.1,14.7,84.8,11.75
1980-11-01,135.7,6.13,14.76,85.5,12.68
1980-12-01,133.5,6.16,14.82,86.3,12.84
1981-01-01,133.,6.2,14.74,87.,12.57
1981-02-01,128.4,6.24,14.66,87.9,13.19
1981-03-01,133.2,6.28,14.58,88.5,13.12
1981-04-01,134.4,6.31667,14.7233,89.1,13.68
1981-05-01,131.7,6.35333,14.8667,89.8,14.1
1981-06-01,132.3,6.39,15.01,90.6,13.47
1981-07-01,129.1,6.43333,15.0967,91.6,14.28
1981-08-01,129.6,6.47667,15.1833,92.3,14.94
1981-09-01,118.3,6.52,15.27,93.2,15.32
1981-10-01,119.8,6.55667,15.3,93.4,15.15
1981-11-01,122.9,6.59333,15.33,93.7,13.39
1981-12-01,123.8,6.63,15.36,94.,13.72
1982-01-01,117.3,6.66,15.1767,94.3,14.59
1982-02-01,114.5,6.69,14.9933,94.6,14.43
1982-03-01,110.8,6.72,14.81,94.5,13.86
1982-04-01,116.3,6.75,14.5967,94.9,13.87
1982-05-01,116.4,6.78,14.3833,95.8,13.62
1982-06-01,109.7,6.81,14.17,97.,14.3
1982-07-01,109.4,6.82333,13.9667,97.5,13.95
1982-08-01,109.7,6.83667,13.7633,97.7,13.06
1982-09-01,122.4,6.85,13.56,97.9,12.34
1982-10-01,132.7,6.85667,13.2533,98.2,10.91
1982-11-01,138.1,6.86333,12.9467,98.,10.55
1982-12-01,139.4,6.87,12.64,97.6,10.54
1983-01-01,144.3,6.88333,12.5667,97.8,10.46
1983-02-01,146.8,6.89667,12.4933,97.9,10.72
1983-03-01,151.9,6.91,12.42,97.9,10.51
1983-04-01,157.7,6.92,12.4767,98.6,10.4
1983-05-01,164.1,6.93,12.5333,99.2,10.38
1983-06-01,166.4,6.94,12.59,99.5,10.85
1983-07-01,167.,6.96,12.8267,99.9,11.38
1983-08-01,162.4,6.98,13.0633,100.2,11.85
1983-09-01,167.2,7.,13.3,100.7,11.65
1983-10-01,167.7,7.03,13.5433,101.,11.54
1983-11-01,165.2,7.06,13.7867,101.2,11.69
1983-12-01,164.4,7.09,14.03,101.3,11.83
1984-01-01,166.4,7.12,14.44,101.9,11.67
1984-02-01,157.3,7.15,14.85,102.4,11.84
1984-03-01,157.4,7.18,15.26,102.6,12.32
1984-04-01,157.6,7.22333,15.5733,103.1,12.63
1984-05-01,156.6,7.26667,15.8867,103.4,13.41
1984-06-01,153.1,7.31,16.2,103.7,13.56
1984-07-01,151.1,7.33333,16.32,104.1,13.36
1984-08-01,164.4,7.35667,16.44,104.5,12.72
1984-09-01,166.1,7.38,16.56,105.,12.52
1984-10-01,164.8,7.43,16.5867,105.3,12.16
1984-11-01,166.3,7.48,16.6133,105.3,11.57
1984-12-01,164.5,7.53,16.64,105.3,11.5
1985-01-01,171.6,7.57333,16.5567,105.5,11.38
1985-02-01,180.9,7.61667,16.4733,106.,11.51
1985-03-01,179.4,7.66,16.39,106.4,11.86
1985-04-01,180.6,7.68667,16.13,106.9,11.43
1985-05-01,184.9,7.71333,15.87,107.3,10.85
1985-06-01,188.9,7.74,15.61,107.6,10.16
1985-07-01,192.5,7.77333,15.4833,107.8,10.31
1985-08-01,188.3,7.80667,15.3567,108.,10.33
1985-09-01,184.1,7.84,15.23,108.3,10.37
1985-10-01,186.2,7.86,15.0233,108.7,10.24
1985-11-01,197.5,7.88,14.8167,109.,9.78
1985-12-01,207.3,7.9,14.61,109.3,9.26
1986-01-01,208.2,7.94,14.58,109.6,9.19
1986-02-01,219.4,7.98,14.55,109.3,8.7
1986-03-01,232.3,8.02,14.52,108.8,7.78
1986-04-01,238.,8.04667,14.5833,108.6,7.3
1986-05-01,238.5,8.07333,14.6467,108.9,7.71
1986-06-01,245.3,8.1,14.71,109.5,7.8
1986-07-01,240.2,8.14333,14.7567,109.5,7.3
1986-08-01,245.,8.18667,14.8033,109.7,7.17
1986-09-01,238.3,8.23,14.85,110.2,7.45
1986-10-01,237.4,8.24667,14.7267,110.3,7.43
1986-11-01,245.1,8.26333,14.6033,110.4,7.25
1986-12-01,248.6,8.28,14.48,110.5,7.11
1987-01-01,264.5,8.3,14.6867,111.2,7.08
1987-02-01,280.9,8.32,14.8933,111.6,7.25
1987-03-01,292.5,8.34,15.1,112.1,7.25
1987-04-01,289.3,8.4,14.8733,112.7,8.02
1987-05-01,289.1,8.46,14.6467,113.1,8.61
1987-06-01,301.4,8.52,14.42,113.5,8.4
1987-07-01,310.1,8.56667,14.9,113.8,8.45
1987-08-01,329.4,8.61333,15.38,114.4,8.76
1987-09-01,318.7,8.66,15.86,115.,9.42
1987-10-01,280.2,8.71,16.4067,115.3,9.52
1987-11-01,245.,8.76,16.9533,115.4,8.86
1987-12-01,241.,8.81,17.5,115.4,8.99
1988-01-01,250.5,8.85667,17.8633,115.7,8.67
1988-02-01,258.1,8.90333,18.2267,116.,8.21
1988-03-01,265.7,8.95,18.59,116.5,8.37
1988-04-01,262.6,9.04333,19.6167,117.1,8.72
1988-05-01,256.1,9.13667,20.6433,117.5,9.09
1988-06-01,270.7,9.23,21.67,118.,8.92
1988-07-01,269.1,9.30667,22.0233,118.5,9.06
1988-08-01,263.7,9.38333,22.3767,119.,9.26
1988-09-01,268.,9.46,22.73,119.8,8.98
1988-10-01,277.4,9.55,23.0733,120.2,8.8
1988-11-01,271.,9.64,23.4167,120.3,8.96
1988-12-01,276.5,9.75,23.75,120.5,9.11
1989-01-01,285.4,9.81333,24.16,121.1,9.09
1989-02-01,294.,9.89667,24.56,121.6,9.17
1989-03-01,292.7,10.01,24.96,122.3,9.36
1989-04-01,302.3,10.0867,25.0467,123.1,9.18
1989-05-01,313.9,10.1933,25.1333,123.8,8.86
1989-06-01,323.7,10.37,25.22,124.1,8.28
1989-07-01,331.9,10.4233,24.71,124.4,8.02
1989-08-01,346.6,10.5467,24.2,124.6,8.11
1989-09-01,347.3,10.73,23.69,125.,8.19
1989-10-01,347.4,10.7967,23.4267,125.6,8.01
1989-11-01,340.2,10.9233,23.1633,125.9,7.87
1989-12-01,348.6,11.06,22.87,126.1,7.84
1990-01-01,339.97,11.14,22.49,127.4,8.21
1990-02-01,330.45,11.23,22.08,128.,8.47
1990-03-01,338.46,11.32,21.67,128.7,8.59
1990-04-01,338.18,11.4367,21.5333,128.9,8.79
1990-05-01,350.25,11.5533,21.3967,129.2,8.76
1990-06-01,360.39,11.66,21.26,129.9,8.48
1990-07-01,360.03,11.7267,21.42,130.4,8.47
1990-08-01,330.75,11.7833,21.58,131.6,8.75
1990-09-01,315.41,11.83,21.74,132.7,8.89
1990-10-01,307.12,11.9267,21.6067,133.5,8.72
1990-11-01,315.29,12.0133,21.4733,133.8,8.39
1990-12-01,328.75,12.09,21.34,133.8,8.08
1991-01-01,325.49,12.1067,21.1833,134.6,8.09
1991-02-01,362.26,12.1133,21.0267,134.8,7.85
1991-03-01,372.28,12.11,20.94,135.,8.11
1991-04-01,379.68,12.13,20.3633,135.2,8.04
1991-05-01,377.99,12.14,19.8567,135.6,8.07
1991-06-01,378.29,12.15,19.41,136.,8.28
1991-07-01,380.23,12.1933,18.84,136.2,8.27
1991-08-01,389.4,12.2367,18.33,136.6,7.9
1991-09-01,387.2,12.28,17.82,137.2,7.65
1991-10-01,386.88,12.2533,17.2033,137.4,7.53
1991-11-01,385.92,12.2267,16.5867,137.8,7.42
1991-12-01,388.51,12.2,15.97,137.9,7.09
1992-01-01,416.08,12.24,16.0467,138.1,7.03
1992-02-01,412.56,12.28,16.1233,138.6,7.34
1992-03-01,407.36,12.32,16.19,139.3,7.54
1992-04-01,407.41,12.32,16.4833,139.5,7.48
1992-05-01,414.81,12.32,16.7667,139.7,7.39
1992-06-01,408.27,12.32,17.05,140.2,7.26
1992-07-01,415.05,12.3433,17.38,140.5,6.84
1992-08-01,417.93,12.3667,17.71,140.9,6.59
1992-09-01,418.48,12.4,18.04,141.3,6.42
1992-10-01,412.5,12.3867,18.39,141.8,6.59
1992-11-01,422.84,12.3833,18.74,142.,6.87
1992-12-01,435.64,12.39,19.09,141.9,6.77
1993-01-01,435.23,12.4133,19.34,142.6,6.6
1993-02-01,441.7,12.4467,19.59,143.1,6.26
1993-03-01,450.16,12.48,19.84,143.6,5.98
1993-04-01,443.08,12.4933,19.67,144.,5.97
1993-05-01,445.25,12.5067,19.5,144.2,6.04
1993-06-01,448.06,12.52,19.33,144.4,5.96
1993-07-01,447.29,12.52,19.69,144.4,5.81
1993-08-01,454.13,12.52,20.05,144.8,5.68
1993-09-01,459.24,12.52,20.41,145.1,5.36
1993-10-01,463.9,12.54,20.9,145.7,5.33
1993-11-01,462.89,12.56,21.39,145.8,5.72
1993-12-01,465.95,12.58,21.89,145.8,5.77
1994-01-01,472.99,12.6233,22.1567,146.2,5.75
1994-02-01,471.58,12.6667,22.4333,146.7,5.97
1994-03-01,463.81,12.71,22.71,147.2,6.48
1994-04-01,447.23,12.7533,23.54,147.4,6.97
1994-05-01,450.9,12.7967,24.37,147.5,7.18
1994-06-01,454.83,12.84,25.2,148.,7.1
1994-07-01,451.4,12.87,25.91,148.4,7.3
1994-08-01,464.24,12.9,26.62,149.,7.24
1994-09-01,466.96,12.92,27.33,149.4,7.46
1994-10-01,463.81,13.0133,28.42,149.5,7.74
1994-11-01,461.01,13.0967,29.51,149.7,7.96
1994-12-01,455.19,13.17,30.6,149.7,7.81
1995-01-01,465.25,13.18,31.25,150.3,7.78
1995-02-01,481.92,13.18,31.9,150.9,7.47
1995-03-01,493.15,13.17,32.55,151.4,7.2
1995-04-01,507.91,13.2433,33.1767,151.9,7.06
1995-05-01,523.81,13.3067,33.8033,152.2,6.63
1995-06-01,539.35,13.36,34.43,152.5,6.17
1995-07-01,557.37,13.44,34.68,152.5,6.28
1995-08-01,559.11,13.51,34.93,152.9,6.49
1995-09-01,578.77,13.58,35.18,153.2,6.2
1995-10-01,582.92,13.65,34.7733,153.7,6.04
1995-11-01,595.53,13.72,34.3667,153.6,5.93
1995-12-01,614.57,13.79,33.96,153.5,5.71
1996-01-01,614.42,13.8933,33.9867,154.4,5.65
1996-02-01,649.54,13.9967,34.0133,154.9,5.81
1996-03-01,647.07,14.1,34.04,155.7,6.27
1996-04-01,647.17,14.1567,34.33,156.3,6.51
1996-05-01,661.23,14.2133,34.62,156.6,6.74
1996-06-01,668.5,14.27,34.91,156.7,6.91
1996-07-01,644.07,14.4,35.2733,157.,6.87
1996-08-01,662.68,14.53,35.6367,157.3,6.64
1996-09-01,674.88,14.66,36.,157.8,6.83
1996-10-01,701.46,14.74,36.91,158.3,6.53
1996-11-01,735.67,14.82,37.82,158.6,6.2
1996-12-01,743.25,14.9,38.73,158.6,6.3
1997-01-01,766.22,14.9533,39.2333,159.1,6.58
1997-02-01,798.39,15.0067,39.7367,159.6,6.42
1997-03-01,792.16,15.06,40.24,160.,6.69
1997-04-01,763.93,15.0933,40.3433,160.2,6.89
1997-05-01,833.09,15.1267,40.4467,160.1,6.71
1997-06-01,876.29,15.16,40.55,160.3,6.49
1997-07-01,925.29,15.2167,40.58,160.5,6.22
1997-08-01,927.24,15.2733,40.61,160.8,6.3
1997-09-01,937.02,15.33,40.64,161.2,6.21
1997-10-01,951.16,15.3867,40.3333,161.6,6.03
1997-11-01,938.92,15.4433,40.0267,161.5,5.88
1997-12-01,962.37,15.5,39.72,161.3,5.81
1998-01-01,963.36,15.55,39.66,161.6,5.54
1998-02-01,1023.74,15.6,39.6,161.9,5.57
1998-03-01,1076.83,15.64,39.54,162.2,5.65
1998-04-01,1112.2,15.75,39.35,162.5,5.64
1998-05-01,1108.42,15.85,39.16,162.8,5.65
1998-06-01,1108.39,15.95,38.97,163.,5.5
1998-07-01,1156.58,16.0167,38.6767,163.2,5.46
1998-08-01,1074.62,16.0833,38.3833,163.4,5.34
1998-09-01,1020.64,16.14,38.09,163.6,4.81
1998-10-01,1032.47,16.1667,37.9633,164.,4.53
1998-11-01,1144.43,16.1833,37.8367,164.,4.83
1998-12-01,1190.05,16.2,37.71,163.9,4.65
1999-01-01,1248.77,16.28333333,37.93333333,164.3,4.72
1999-02-01,1246.58,16.36666667,38.15666667,164.5,5.
1999-03-01,1281.66,16.45,38.38,165.,5.23
1999-04-01,1334.76,16.45,39.26,166.2,5.18
1999-05-01,1332.07,16.45,40.14,166.2,5.54
1999-06-01,1322.55,16.45,41.02,166.2,5.9
1999-07-01,1380.99,16.513333333333335,42.,166.7,5.79
1999-08-01,1327.49,16.576666666666668,42.98,167.1,5.94
1999-09-01,1318.17,16.64,43.96,167.9,5.92
1999-10-01,1300.01,16.656666666666666,45.363333333333337,168.2,6.11
1999-11-01,1391.,16.673333333333332,46.766666666666673,168.3,6.03
1999-12-01,1428.68,16.69,48.17,168.3,6.28
2000-01-01,1425.59,16.713333333333335,49.096666666666671,168.8,6.66
2000-02-01,1388.87,16.736666666666668,50.023333333333333,169.8,6.52
2000-03-01,1442.21,16.76,50.95,171.2,6.26
2000-04-01,1461.36,16.740000000000002,51.273333333333333,171.3,5.99
2000-05-01,1418.48,16.72,51.596666666666671,171.5,6.44
2000-06-01,1461.96,16.7,51.92,172.4,6.1
2000-07-01,1473.,16.583333333333332,52.513333333333343,172.8,6.05
2000-08-01,1485.46,16.466666666666669,53.106666666666662,172.8,5.83
2000-09-01,1468.05,16.35,53.7,173.7,5.8
2000-10-01,1390.14,16.323333333333334,52.466666666666669,174.,5.74
2000-11-01,1378.04,16.296666666666667,51.233333333333327,174.1,5.72
2000-12-01,1330.93,16.27,50.,174.,5.24
2001-01-01,1335.63,16.169999999999998,48.48,175.1,5.16
2001-02-01,1305.75,16.07,46.96,175.8,5.1
2001-03-01,1185.85,15.97,45.44,176.2,4.89
2001-04-01,1189.84,15.876666666666665,42.556666666666665,176.9,5.14
2001-05-01,1270.37,15.783333333333331,39.673333333333332,177.7,5.39
2001-06-01,1238.71,15.69,36.79,178.,5.28
2001-07-01,1204.45,15.706666666666667,33.963333333333331,177.5,5.24
2001-08-01,1178.5,15.723333333333333,31.136666666666667,177.5,4.97
2001-09-01,1044.64,15.74,28.31,178.3,4.73
2001-10-01,1076.59,15.740000000000002,27.103333333333335,177.7,4.57
2001-11-01,1129.68,15.740000000000002,25.896666666666665,177.4,4.65
2001-12-01,1144.93,15.74,24.69,176.7,5.09
2002-01-01,1140.21,15.736666666666668,24.693333333333332,177.1,5.04
2002-02-01,1100.67,15.733333333333334,24.696666666666669,177.8,4.91
2002-03-01,1153.79,15.73,24.7,178.8,5.28
2002-04-01,1111.93,15.833333333333332,25.38,179.8,5.21
2002-05-01,1079.25,15.936666666666667,26.06,179.8,5.16
2002-06-01,1014.02,16.04,26.74,179.9,4.93
2002-07-01,903.59,15.96,27.84,180.1,4.65
2002-08-01,912.55,15.879999999999999,28.939999999999998,180.7,4.26
2002-09-01,867.81,15.8,30.04,181.,3.87
2002-10-01,854.63,15.89,29.223333333333333,181.3,3.94
2002-11-01,909.93,15.98,28.406666666666666,181.3,4.05
2002-12-01,899.18,16.07,27.59,180.9,4.03
2003-01-01,895.84,16.119999999999997,28.5,181.7,4.05
2003-02-01,837.03,16.169999999999998,29.41,183.1,3.9
2003-03-01,846.63,16.22,30.32,184.2,3.81
2003-04-01,890.03,16.203333333333333,31.73,183.8,3.96
2003-05-01,935.96,16.186666666666667,33.139999999999993,183.5,3.57
2003-06-01,988.,16.17,34.55,183.7,3.33
2003-07-01,992.54,16.310000000000002,35.893333333333331,183.9,3.98
2003-08-01,989.53,16.450000000000003,37.236666666666665,184.6,4.45
2003-09-01,1019.44,16.59,38.58,185.2,4.27
2003-10-01,1038.73,16.856666666666669,41.966666666666669,185.,4.29
2003-11-01,1049.9,17.123333333333335,45.353333333333332,184.5,4.3
2003-12-01,1080.64,17.39,48.74,184.3,4.27
2004-01-01,1132.52,17.6,49.826666666666675,185.2,4.15
2004-02-01,1143.36,17.810000000000002,50.913333333333334,186.2,4.08
2004-03-01,1123.98,18.02,52.,187.4,3.83
2004-04-01,1133.36,18.213333333333335,53.383333333333333,188.,4.35
2004-05-01,1102.78,18.406666666666666,54.766666666666673,189.1,4.72
2004-06-01,1132.76,18.6,56.15,189.7,4.73
2004-07-01,1105.85,18.786666666666669,56.69,189.4,4.5
2004-08-01,1088.94,18.973333333333333,57.23,189.5,4.28
2004-09-01,1117.66,19.16,57.77,189.9,4.13
2004-10-01,1117.21,19.253333333333334,58.03,190.9,4.1
2004-11-01,1168.94,19.346666666666668,58.29,191.,4.19
2004-12-01,1199.21,19.44,58.55,190.3,4.23
2005-01-01,1181.41,19.703333333333333,59.106666666666662,190.7,4.22
2005-02-01,1199.63,19.966666666666669,59.663333333333334,191.8,4.17
2005-03-01,1194.9,20.23,60.22,193.3,4.5
2005-04-01,1164.43,20.463333333333331,61.233333333333327,194.6,4.34
2005-05-01,1178.28,20.696666666666665,62.24666666666667,194.4,4.14
2005-06-01,1202.25,20.93,63.26,194.5,4.
2005-07-01,1222.24,21.11,64.33,195.4,4.18
2005-08-01,1224.27,21.29,65.399999999999991,196.4,4.26
2005-09-01,1225.92,21.47,66.47,198.8,4.2
2005-10-01,1191.96,21.72,67.589999999999989,199.2,4.46
2005-11-01,1237.37,21.97,68.71,197.6,4.54
2005-12-01,1262.07,22.22,69.83,196.8,4.47
2006-01-01,1278.73,22.406666666666666,70.776666666666657,198.3,4.42
2006-02-01,1276.65,22.593333333333334,71.723333333333343,198.7,4.57
2006-03-01,1293.74,22.78,72.67,199.8,4.72
2006-04-01,1302.17,23.,73.276666666666657,201.5,4.99
2006-05-01,1290.01,23.22,73.883333333333326,202.5,5.11
2006-06-01,1253.17,23.44,74.49,202.9,5.11
2006-07-01,1260.24,23.66,75.85,203.5,5.09
2006-08-01,1287.15,23.88,77.21,203.9,4.88
2006-09-01,1317.74,24.1,78.57,202.9,4.72
2006-10-01,1363.38,24.36,79.55,201.8,4.73
2006-11-01,1388.64,24.619999999999997,80.53,201.5,4.6
2006-12-01,1416.42,24.88,81.51,201.8,4.56
2007-01-01,1424.16,25.083333333333332,82.056666666666672,202.42,4.76
2007-02-01,1444.8,25.286666666666665,82.603333333333339,203.5,4.72
2007-03-01,1406.95,25.49,83.15,205.35,4.56
2007-04-01,1463.64,25.716666666666669,83.740000000000009,206.69,4.69
2007-05-01,1511.14,25.943333333333335,84.330000000000013,207.95,4.75
2007-06-01,1514.19,26.17,84.92,208.35,5.1
2007-07-01,1520.71,26.440000000000005,82.813333333333333,208.3,5.
2007-08-01,1454.62,26.71,80.706666666666663,207.92,4.67
2007-09-01,1497.12,26.98,78.6,208.49,4.52
2007-10-01,1539.66,27.230000000000004,74.460000000000008,208.94,4.53
2007-11-01,1463.39,27.480000000000004,70.320000000000007,210.18,4.15
2007-12-01,1479.22,27.73,66.18,210.04,4.1
2008-01-01,1378.76,27.92,64.25,211.08,3.74
2008-02-01,1354.87,28.11,62.32,211.69,3.74
2008-03-01,1316.94,28.3,60.39,213.53,3.51
2008-04-01,1370.47,28.436666666666667,57.383333333333326,214.82,3.68
2008-05-01,1403.22,28.573333333333334,54.376666666666665,216.63,3.88
2008-06-01,1341.25,28.71,51.37,218.81,4.1
2008-07-01,1257.33,28.756666666666668,49.563333333333333,219.96,4.01
2008-08-01,1281.47,28.803333333333335,47.756666666666668,219.09,3.89
2008-09-01,1216.95,28.85,45.95,218.78,3.69
2008-10-01,968.8,28.696666666666665,35.593333333333334,216.57,3.81
2008-11-01,883.04,28.543333333333333,25.236666666666668,212.43,3.53
2008-12-01,877.56,28.39,14.88,210.23,2.42
2009-01-01,865.58,28.013333333333335,12.206666666666667,211.14,2.52
2009-02-01,805.23,27.63666666666667,9.5333333333333332,212.19,2.87
2009-03-01,757.13,27.26,6.86,212.71,2.82
2009-04-01,848.15,26.703333333333333,7.0766666666666662,213.24,2.93
2009-05-01,902.41,26.146666666666668,7.293333333333333,213.86,3.29
2009-06-01,926.12,25.59,7.51,215.69,3.72
2009-07-01,935.82,25.026666666666664,9.1866666666666674,215.35,3.56
2009-08-01,1009.73,24.463333333333331,10.863333333333333,215.83,3.59
2009-09-01,1044.55,23.9,12.54,215.97,3.4
2009-10-01,1067.66,23.403333333333332,25.349999999999998,216.18,3.39
2009-11-01,1088.07,22.906666666666666,38.16,216.33,3.4
2009-12-01,1110.38,22.41,50.97,215.95,3.59
2010-01-01,1123.58,22.24,54.289999999999992,216.69,3.73
2010-02-01,1089.16,22.07,57.61,216.74,3.69
2010-03-01,1152.05,21.9,60.93,217.63,3.73
2010-04-01,1197.32,21.946666666666665,62.986666666666665,218.01,3.85
2010-05-01,1125.06,21.993333333333332,65.043333333333322,218.18,3.42
2010-06-01,1083.36,22.04,67.1,217.97,3.2
2010-07-01,1079.8,22.143333333333334,68.686666666666667,218.01,3.01
2010-08-01,1087.28,22.246666666666666,70.273333333333326,218.31,2.7
2010-09-01,1122.08,22.35,71.86,218.44,2.65
2010-10-01,1171.58,22.476666666666667,73.69,218.71,2.54
2010-11-01,1198.89,22.603333333333335,75.52,218.8,2.76
2010-12-01,1241.53,22.73,77.35,219.18,3.29
2011-01-01,1282.62,22.963333333333335,78.67,220.22,3.39
2011-02-01,1321.12,23.196666666666665,79.990000000000009,221.31,3.58
2011-03-01,1304.49,23.43,81.31,223.47,3.41
2011-04-01,1331.51,23.733333333333334,82.163333333333341,224.91,3.46
2011-05-01,1338.31,24.036666666666665,83.016666666666666,225.96,3.17
2011-06-01,1287.29,24.34,83.87,225.72,3.
2011-07-01,1325.19,24.619999999999997,84.906666666666666,225.92,3.
2011-08-01,1185.31,24.9,85.943333333333342,226.54,2.3
2011-09-01,1173.88,25.18,86.98,226.89,1.98
2011-10-01,1207.22,25.596666666666664,86.97,226.42,2.15
2011-11-01,1226.42,26.013333333333335,86.960000000000008,226.23,2.01
2011-12-01,1243.32,26.43,86.95,225.67,1.98
2012-01-01,1300.58,26.736666666666668,87.48,226.66,1.97
2012-02-01,1352.49,27.043333333333337,88.01,227.66,1.97
2012-03-01,1389.24,27.35,88.54,229.39,2.17
2012-04-01,1386.43,27.673333333333332,88.333333333333343,230.09,2.05
2012-05-01,1341.27,27.996666666666666,88.126666666666665,229.81,1.8
2012-06-01,1323.48,28.32,87.92,229.48,1.62
2012-07-01,1359.78,28.743333333333332,87.446666666666673,229.1,1.53
2012-08-01,1403.45,29.166666666666664,86.973333333333329,230.38,1.68
2012-09-01,1443.42,29.59,86.5,231.41,1.72
2012-10-01,1437.82,30.143333333333331,86.50333333333333,231.32,1.75
2012-11-01,1394.51,30.696666666666665,86.506666666666675,230.22,1.65
2012-12-01,1422.29,31.25,86.51,229.6,1.72
2013-01-01,1480.4,31.536666666666665,86.906666666666666,230.28,1.91
2013-02-01,1512.31,31.823333333333331,87.303333333333342,232.17,1.98
2013-03-01,1550.83,32.11,87.7,232.77,1.96
2013-04-01,1570.7,32.49666666666667,88.783333333333331,232.53,1.76
2013-05-01,1639.84,32.88333333333334,89.866666666666674,232.94,1.93
2013-06-01,1618.77,33.27,90.95,233.5,2.3
2013-07-01,1668.68,33.646666666666668,92.09,233.6,2.58
2013-08-01,1670.09,34.023333333333333,93.23,233.88,2.74
2013-09-01,1687.17,34.4,94.37,234.15,2.81
2013-10-01,1720.03,34.596666666666664,96.313333333333333,233.55,2.62
2013-11-01,1783.54,34.793333333333337,98.256666666666661,233.07,2.72
2013-12-01,1807.78,34.99,100.2,233.05,2.9
2014-01-01,1822.36,35.403333333333336,100.41666666666666,233.92,2.86
2014-02-01,1817.04,35.816666666666663,100.63333333333333,234.78,2.71
2014-03-01,1863.52,36.23,100.85,236.29,2.72
2014-04-01,1864.26,36.61333333333333,101.60666666666667,237.07,2.71
2014-05-01,1889.77,36.99666666666667,102.36333333333334,237.9,2.56
2014-06-01,1947.09,37.38,103.12,238.34,2.6
2014-07-01,1973.1,37.75,104.06666666666666,238.25,2.54
2014-08-01,1961.53,38.120000000000005,105.01333333333334,237.85,2.42
2014-09-01,1993.23,38.49,105.96,238.03,2.53
2014-10-01,1937.27,38.806666666666665,104.74333333333334,237.43,2.3
2014-11-01,2044.57,39.123333333333335,103.52666666666667,236.15,2.33
2014-12-01,2054.27,39.44,102.31,234.81,2.21
2015-01-01,2028.18,39.896666666666668,101.28999999999999,233.71,1.88
2015-02-01,2082.2,40.353333333333332,100.27000000000001,234.72,1.98
2015-03-01,2079.99,40.81,99.25,236.12,2.04
2015-04-01,2094.86,41.120000000000005,97.803333333333342,236.6,1.94
2015-05-01,2111.94,41.43,96.356666666666669,237.81,2.2
2015-06-01,2099.29,41.74,94.91,238.64,2.36
2015-07-01,2094.14,41.99666666666667,93.493333333333339,238.65,2.32
2015-08-01,2039.87,42.25333333333333,92.076666666666668,238.32,2.17
2015-09-01,1944.41,42.51,90.66,237.94,2.17
2015-10-01,2024.81,42.803333333333335,89.283333333333331,237.84,2.07
2015-11-01,2080.62,43.096666666666664,87.906666666666666,237.34,2.26
2015-12-01,2054.08,43.39,86.53,236.53,2.24
2016-01-01,1918.6,43.553333333333335,86.5,236.92,2.09
2016-02-01,1904.42,43.716666666666669,86.47,237.11,1.78
2016-03-01,2021.95,43.88,86.44,238.13,1.89
2016-04-01,2075.54,44.073333333333338,86.6,239.26,1.81
2016-05-01,2065.55,44.266666666666666,86.759999999999991,240.23,1.81
2016-06-01,2083.89,44.46,86.92,241.02,1.64
2016-07-01,2148.9,44.65,87.643333333333331,240.63,1.5
2016-08-01,2170.95,44.84,88.366666666666674,240.85,1.56
2016-09-01,2157.69,45.03,89.09,241.43,1.63
2016-10-01,2143.02,45.25333333333333,90.91,241.73,1.76
2016-11-01,2164.99,45.476666666666667,92.73,241.35,2.14
2016-12-01,2246.63,45.7,94.55,241.43,2.49
2017-01-01,2275.12,45.926666666666669,96.463333333333338,242.84,2.43
2017-02-01,2329.91,46.153333333333336,98.376666666666665,243.6,2.42
2017-03-01,2366.82,46.38,100.29,243.8,2.48
2017-04-01,2359.31,46.660000000000004,101.53333333333333,244.52,2.3
2017-05-01,2395.35,46.94,102.77666666666667,244.73,2.3
2017-06-01,2433.99,47.22,104.02,244.96,2.19
2017-07-01,2454.1,47.536666666666669,105.03999999999999,244.79,2.32
2017-08-01,2456.22,47.853333333333339,106.06,245.52,2.21
2017-09-01,2492.84,48.17,107.08,246.82,2.2
2017-10-01,2557.,48.423333333333332,108.01333333333334,246.66,2.36
2017-11-01,2593.61,48.676666666666662,108.94666666666666,246.67,2.35
2017-12-01,2664.34,48.93,109.88,246.52,2.4
2018-01-01,2789.8,49.286666666666662,111.73333333333332,247.87,2.58
2018-02-01,2705.16,49.643333333333331,113.58666666666666,248.99,2.86
2018-03-01,2702.77,50.,115.44,249.55,2.84
2018-04-01,2653.63,50.33,117.78666666666666,250.55,2.87
2018-05-01,2701.49,50.66,120.13333333333333,251.59,2.98
2018-06-01,2754.35,50.99,122.48,251.99,2.91
2018-07-01,2793.64,51.44,125.11666666666667,252.01,2.89
2018-08-01,2857.82,51.89,127.75333333333333,252.15,2.89
2018-09-01,2901.5,52.34,130.39,252.44,3.
2018-10-01,2785.46,52.81,131.05666666666667,252.88,3.15
2018-11-01,2723.23,53.28,131.72333333333333,252.04,3.12
2018-12-01,2567.31,53.75,132.39,251.23,2.83
2019-01-01,2607.39,54.146666666666668,133.05666666666664,251.71,2.71
2019-02-01,2754.86,54.543333333333337,133.7233333333333,252.78,2.68
2019-03-01,2803.98,54.94,134.39,254.2,2.57
2019-04-01,2903.8,55.319091580592705,134.68333333333334,255.55,2.53
2019-05-01,2854.71,55.698183161185412,134.97666666666666,256.09,2.4
2019-06-01,2890.17,56.077274741778119,135.27,256.14,2.06
2019-07-01,2996.1136363636365,56.458183161185417,134.48000000000002,256.57,1.63
2019-08-01,2897.4981818181818,56.839091580592708,133.69,256.56,1.63
2019-09-01,2982.156,57.22,132.9,256.76,1.7
2019-10-01,2977.68,57.56,135.09,257.35,1.71
2019-11-01,3104.9044999999996,57.900000000000006,137.28,257.21,1.81
2019-12-01,3176.7495238095235,58.24,139.47,256.97,1.86
2020-01-01,3278.2028571428577,58.686867862126704,131.75666666666666,257.97,1.76
2020-02-01,3277.3142105263164,59.133735724253413,124.04333333333332,258.68,1.5
2020-03-01,2652.3936363636367,59.580603586380121,116.33,258.12,0.87
2020-04-01,2761.9752380952382,59.613735724253416,110.63,256.39,0.66
2020-05-01,2919.615,59.646867862126712,104.93,256.39,0.67
2020-06-01,3104.6609090909087,59.68,99.23,257.8,0.73
2020-07-01,3207.6190909090906,59.403333333333336,98.893333333333345,259.1,0.62
2020-08-01,3391.71,59.126666666666665,98.556666666666672,259.92,0.65
2020-09-01,3365.5166666666664,58.85,98.22,260.28,0.68
2020-10-01,3418.701363636364,58.659615378670054,96.856666666666669,260.39,0.79
2020-11-01,3548.9925000000012,58.469230757340114,95.493333333333339,260.23,0.87
2020-12-01,3695.3099999999995,58.278846136010173,94.13,260.47,0.93
2021-01-01,3793.7484210526318,58.063693112307661,105.48666666666665,261.58,1.08
2021-02-01,3883.4321052631576,57.848540088605162,116.84333333333332,263.01,1.26
2021-03-01,3910.5082608695648,57.633387064902649,128.2,264.88,1.61
2021-04-01,4141.1761904761906,57.710605421407152,138.38666666666666,267.05,1.64
2021-05-01,4167.8495000000012,57.787823777911655,148.57333333333332,269.19,1.62
2021-06-01,4238.4895454545458,57.86504213441615,158.76,271.7,1.52
2021-07-01,4363.7128571428575,58.328189005792169,164.31666666666666,273.,1.32
2021-08-01,4454.2063636363628,58.791335877168187,169.87333333333333,273.57,1.28
2021-09-01,4445.5433333333331,59.254482748544206,175.43,274.31,1.37
2021-10-01,4460.7071428571426,59.635360926493661,182.91,276.59,1.58
2021-11-01,4667.3866666666672,60.016239104443123,190.39,277.95,1.56
2021-12-01,4674.7727272727261,60.397117282392585,197.87,278.8,1.47
2022-01-01,4573.8155,60.921402962953294,197.88333333333333,281.15,1.76
2022-02-01,4435.9805263157887,61.445688643514018,197.89666666666665,283.72,1.93
2022-03-01,4391.2652173913057,61.969974324074734,197.91,287.5,2.13
2022-04-01,4391.2959999999994,62.653316216049816,196.02666666666664,289.11,2.75
2022-05-01,4040.3599999999997,63.336658108024906,194.14333333333332,292.3,2.9
2022-06-01,3898.9466666666676,64.02,192.26,296.31,3.14
2022-07-01,3911.729499999999,64.4527684478357,190.58333333333331,296.28,2.9
2022-08-01,4158.5630434782615,64.8855368956714,188.90666666666664,296.17,2.9
2022-09-01,3850.5204761904752,65.318305343507092,187.23,296.81,3.52
2022-10-01,3726.0509523809519,65.852203562338062,182.40333333333334,298.01,3.98
2022-11-01,3917.488571428571,66.386101781169032,177.57666666666665,297.71,3.89
2022-12-01,3912.3809523809532,66.92,172.75,296.8,3.62
2023-01-01,3960.6565,67.35,173.55666666666667,299.17,3.53
2023-02-01,4079.6847368421049,67.78,174.36333333333332,300.84,3.75
2023-03-01,3968.5591304347827,68.21,175.17,301.67,3.66
2023-04-01,4121.4673684210529,68.376666666666665,177.17,303.36,3.46
2023-05-01,4146.1731818181825,68.543333333333322,179.17,304.13,3.57
2023-06-01,4345.3728571428574,68.71,181.17,305.11,3.75
2023-07-01,4508.0755000000008,,,305.69,3.9
2023-08-01,4457.358695652174,,,305.98,4.17
2023-09-01,4515.77,,,306.13,4.09
2023-10-01,4269.4,,,,
2023-11-01,4460.06,,,,
2023-12-01,4685.05,,,,
2024-01-01,4804.49,,,,
2024-02-01,5011.96,,,,
2024-03-01,5170.57,,,,
2024-04-01,5112.49,,,,
2024-05-01,5235.23,,,,
2024-06-01,5415.14,,,,
2024-07-01,5538.,,,,
2024-08-01,5478.21,,,,
2024-09-01,5621.26,,,,
2024-10-01,5792.32,,,,
2024-11-01,5929.92,,,,
2024-12-01,6010.91,,,,
2025-01-01,5979.52,,,,
2025-02-01,6038.69,,,,
2025-03-01,5683.98,,,,
2025-04-01,5369.5,,,,
2025-05-01,5810.92,,,,
2025-06-01,6029.95,,,,
2025-07-01,6296.5,,,,
2025-08-01,6408.95,,,,
2025-09-01,6584.02,,,,
2025-10-01,6735.69,,,,
2025-11-01,6740.89,,,,
2025-12-01,6853.03,,,,
2026-01-01,6929.12,,,,
2026-02-01,6893.81,,,,
2026-03-01,6654.42,,,,
2026-04-01,6957.01,,,,
2026-05-01,7215.43,,,,
